Name,Email,Phone Number,"Origin (City, State)",Website URL,Category,Verified Status
Fondue Chinoise,,(415) 217-8888,"San Francisco, CA",https://www.manta.com/c/mt9xj0s/fondue-chinoise,Restaurants and Bars,MANTA VERIFIED
Eppies Restaurant,,(916) 371-7767,"West Sacramento, CA",https://eppieswestsac.com/eppies-menus/,Restaurant,MANTA VERIFIED
Hot food to go,,(510) 387-6653,"Cameron Park, CA",,Fast Food Restaurants and Stands,MANTA VERIFIED
Delectables Catering and Venue,,(520) 884-9289,"Tucson, AZ",https://delectablescateringandvenue.com/,Caterers,MANTA VERIFIED
In Common NYC Cafe,,(646) 370-3099,"New York, NY",https://www.incommonnyc.com/,Restaurant,MANTA VERIFIED
Crossroads of Ivanhoe,,(847) 949-9009,"Mundelein, IL",https://crossroadsofivanhoe.com/,Eating places,MANTA VERIFIED
JimmyLs BBQ & Catering,,(308) 249-1765,"Sidney, NE",https://jimmysbbq.com/,Caterers,MANTA VERIFIED
Chrome Plated Catering,,(800) 853-9583,"Atlanta, GA",,Catering,MANTA VERIFIED
Nokaoi,,(303) 277-9677,"Golden, CO",https://nokaoicatering.com/,Party Catering Services,MANTA VERIFIED
Pollo's,,(714) 535-7777,"Anaheim, CA",https://polloshawaii.com/,Chicken restaurant,MANTA VERIFIED
CBC: Cajun Boiling Crab - L.A.,,(323) 815-1749,"Los Angeles, CA",https://www.cajunboilingcrabla.com/,Seafood,MANTA VERIFIED
Shanghai Impression,,(929) 282-8638,"Flushing, NY",,Chinese Restaurants,MANTA VERIFIED
Nutritional Productions Inc,,(818) 301-4741,"Santa Clarita, CA",https://nutritionalproductions.com/,Food Bars,MANTA VERIFIED
RoadRunners,,(800) 683-4768,"Coplay, PA",http://eatroadrunners.com,Restaurant Delivery,MANTA VERIFIED
Tino's Kitchen,,(844) 387-4899,"Chicago, IL",https://tinoskitchen.com/,Eating places,MANTA VERIFIED
Waffles and Whatnot,,(907) 406-4503,"Anchorage, AK",https://wafflesandwhatnot.com/,Waffles,MANTA VERIFIED
The Crazy ClamDigger - Waterbury LLC,,(203) 756-2526,"Waterbury, CT",https://thecrazyclamdigger.com/,Fish,MANTA VERIFIED
Tipsy Pony Party Bar,,(314) 322-1812,"Wentzville, MO",https://tipsyponypartybar.com/,Mobile Bar,MANTA VERIFIED
Reyhoon Catering Inc,,(425) 420-4017,"Kirkland, WA",https://reyhooncatering.com/,Caterer,MANTA VERIFIED
kbae worldwide inc.,,(657) 213-9055,"Garden Grove, CA",https://kbaeworldwide.com/,"Restaurant, Lunch Counters",MANTA VERIFIED
La Cocina Patina LLC,,(843) 225-6386,"Mount Pleasant, SC",https://lacocinapatina.com/,Mobile Concessions,MANTA VERIFIED
Bumblebees BBQ & Grill,,(801) 869-1600,"West Valley City, UT",https://bumblebeesbbq.com/,Burgers,MANTA VERIFIED
C.R.E.A.M. & Sugar Coffee House,,(801) 607-5725,"Orem, UT",https://creamandsugarcoffeehouse.com/,Coffee,MANTA VERIFIED
Cubaneo,,(773) 799-8808,"Chicago, IL",https://cubaneo.com/,Restaraunt,MANTA VERIFIED
Chesterfield's Tavolo,,(315) 732-9356,"Utica, NY",https://chesterfields-tavolo.com/,Food,MANTA VERIFIED
Davids Catfish House,,(850) 455-1610,"Pensacola, FL",https://davidscatfishhouse.com/,Seafood Restaurants,MANTA VERIFIED
"Takeout Guys, LLC",,(207) 451-5858,"Eliot, ME",https://takeoutguysllc.com/,Restaurant Delivery Services,MANTA VERIFIED
KEKOA Poke + Kitchen,,(561) 218-4523,"Boca Raton, FL",https://kekoapoke.com/,Restaurants,MANTA VERIFIED
Luke's Deli,,(608) 756-1123,"Janesville, WI",https://lukesdeli.com/,"Restaurant, Lunch Counters",MANTA VERIFIED
"E77 Sports Bar, Gaming and Restaurant",,(708) 897-0538,"Midlothian, IL",https://e77sportsbar.com/,Food Bars,MANTA VERIFIED
Hall 106,,(708) 543-1407,"Chicago, IL",https://hall106.com/,Banquet Hall,MANTA VERIFIED
Bumblebee's KBBQ & Grill,,(801) 607-2543,"Provo, UT",https://bumblebeeskbbq.com/,Burgers,MANTA VERIFIED
Inside Scoop Creamery,,(612) 306-8672,"Denver, CO",https://insidescoopcreamery.com/,Ice-cream,MANTA VERIFIED
Anitas Kitchenaire,,(216) 250-2624,"Southfield, MI",https://anitas-kitchenaire.com/,Food Delivery Restaurants,MANTA VERIFIED
Swizzle Bartending,,(448) 488-2842,"Tallahassee, FL",https://swizzlebartending.com/,Hosted Bar Service,MANTA VERIFIED
Yah Suh NYCE,,(347) 475-0402,"Queens, NY",https://yahsuhnyce.com/,Catering,MANTA VERIFIED
Comfort Cuisine,,(661) 769-5595,"Bradbury, CA",https://comfortcuisinecatering.com/,Chicken,MANTA VERIFIED
Sweet Relief Catering,,(203) 789-9800,"West Haven, CT",https://sweetreliefcatering.com/,Wedding Caterers,MANTA VERIFIED
Pies 'N Thighs,,(516) 703-2299,"Brooklyn, NY",https://piesnthighs.com/,Dine-in,MANTA VERIFIED
Gallery Grill Poke House LLC,,(410) 539-4026,"Baltimore, MD",https://gallerygrillpoke.com/,undefined,MANTA VERIFIED
Wall Street North,,706-202-7734,"Athens, GA",,Night Clubs,MANTA VERIFIED
The Galleria Infused Restaurant,,3122755772,"Chicago, IL",https://thegalleriainfused.com/,Food Bars,MANTA VERIFIED
LAURA'S THREE SPOON,,9292742312,"Lorton, VA",https://laurasthreespoon.com/,Restaurants,MANTA VERIFIED
Coasters Coffee Co,,4023639084,"Aurora, NE",https://coasterscoffee.com/,Coffee Shops,MANTA VERIFIED
Tropical Breeze bar and grill,,8033684948,"Columbia, SC",,Grills (Eating Places),MANTA VERIFIED
El Vaquero Kirksville,,6606650256,"Kirksville, MO",https://elvaquerokirksville.com/,undefined,MANTA VERIFIED
Hot Spicy Cuisine,,(304) 458-7527,"Cameron, WV",https://hotspicycuisine.com/,undefined,MANTA VERIFIED
LA Styles Delivery,,404-487-5244,"Harrisburg, PA",https://lastylesdelivery.com/,undefined,MANTA VERIFIED
China King Illinois Chinese - Asian Restaurant,,6189399888,"Waterloo, IL",https://chinakingillinois.com/,undefined,MANTA VERIFIED
BarPizzaQue,,(708) 866-5151,"Worth, IL",https://barpizzaque.com/,undefined,MANTA VERIFIED
Surah Steakhouse,,3018295682,"Mount Airy, MD",https://surahsteakhouse.com/,undefined,MANTA VERIFIED
US Custom Concessions,,(813) 442-6504,"Tampa, FL",https://uscustomconcessions.com/,undefined,MANTA VERIFIED
Nassau Bagel CO,,,"Princeton, NJ",,Sushi Bars,CLAIMED
King Jade Restaurant,,5082345968,"Whitinsville, MA",,Chinese Restaurants,CLAIMED
Lovash Indian Restaurant & Bar,,215-515-0066,"Philadelphia, PA",https://lovash.com/,Indian Restaurants,CLAIMED
J & R Bingo,,(336) 375-5353,"Greensboro, NC",,undefined,CLAIMED
New York Buffet,,305-696-8229,"Miami, FL",https://newyorkbuffet.com/,Restaurants,CLAIMED
FatMamas Chicken and Barbecue,,(920)355-1227,"Oshkosh, WI",,Barbecue,CLAIMED
Natili North Restaurant,,7242832149,"Butler, PA",,Italian Restaurants,CLAIMED
Midnight Pizza,,3424242322,"Chicago, IL",,Pizza,CLAIMED
Wendy's,,2083367400,"Boise, ID",,Chain Fast Food Restaurants,CLAIMED
Dickey's,,7074005040,"Fairfield, CA",https://www.dickies.com/,Steak and Barbecue Restaurants,CLAIMED
A J's Diner,,9155842514,"El Paso, TX",,Diners,CLAIMED
Thunder Joe's Cafe,,530-250-4425,"Susanville, CA",,undefined,CLAIMED
Little House,,9705870098,"Johnstown, CO",https://littlehousejohnstown.com/,Ethnic Food Restaurants,CLAIMED
Bout Time Pub & Grub,,(801) 278-5100,"Salt Lake City, UT",https://bouttimepub.com/,undefined,CLAIMED
Tropical Smoothie Cafe,,(205) 444-0612,"Birmingham, AL",https://www.tropicalsmoothiecafe.com/,undefined,CLAIMED
Our Place Saloon,,3528544711,"Ocala, FL",,Saloons,CLAIMED
Desperado Sports Tavern,,(406) 549-9651,"Missoula, MT",,undefined,CLAIMED
Finn's Harborside,,(401) 884-6363,"East Greenwich, RI",https://finns-harborside.com/,undefined,CLAIMED
Moe's Southwest Grill,,8604771553,"Storrs, CT",https://www.moes.com/,Mexican Restaurants,CLAIMED
Daniel's Bistro,,(732) 899-5333,"Point Pleasant Beach, NJ",https://danielsbistro.com/,undefined,CLAIMED
Highline Pizzeria,,2125643330,"New York, NY",https://highlinepizzeria.com/,Pizza,CLAIMED
Pink Pepper Asian Fusion,,(480) 839-9009,"Mesa, AZ",https://pinkpepperasianfusion.com/,Restaurants,CLAIMED
HOYA,,(781) 622-9403,"Saugus, MA",https://hoyasushisau.us/,Sushi Bars,CLAIMED
Charley's Restaurant,,7049825214,"Albemarle, NC",https://charleysrestaurantnc.com/,Restaurants,CLAIMED
Bane Restaurant Corp,,6319797676,"Hauppauge, NY",,Steak Restaurants,CLAIMED
Mc Donald's,,(205) 274-8700,"Oneonta, AL",,undefined,CLAIMED
Fine Wining Fine Dining,,6179679993,"Belmont, MA",,Wine Bars,CLAIMED
Kfc,,2173231700,"Beardstown, IL",,Chain Fast Food Restaurants,CLAIMED
Cali Pho Asian Restaurant,,(262) 725-6890,"Delavan, WI",https://calipho.com/,undefined,CLAIMED
Bar-B-Q Pit,,(409) 547-2203,"Warren, TX",,undefined,CLAIMED
Giovanni's Pizzeria,,9165749070,"Sacramento, CA",https://giovannispizza.com/,Pizza,CLAIMED
Your Pie - Davenport,,563-332-7811,"Davenport, IA",https://yourpie.com/,Pizza,CLAIMED
LA Chinita Poblana,,3177228108,"Indianapolis, IN",https://lachinitapoblana.com/,Family Restaurants,CLAIMED
Purple Moon Night Club,,(810) 424-9579,"Flint, MI",,undefined,CLAIMED
"Aunt Viv's Homestyle Cooking, LLC",,203 612 1367,"Bridgeport, CT",https://auntvivs.com/,Restaurants,CLAIMED
Dickey's,,9723937800,"Coppell, TX",https://www.dickies.com/,Restaurants,CLAIMED
McCalls Catering & Events,,4155528550,"San Francisco, CA",https://mccalls.com/,undefined,CLAIMED
Hungry Howie's,,4356560011,"Saint George, UT",https://www.hungryhowies.com/,Chain Pizzerias,CLAIMED
Dockside Sea Grille,,(561) 842-2180,"North Palm Beach, FL",https://dockside-sea-grille.com/,undefined,CLAIMED
Port Hole,,3867616075,"Port Orange, FL",,Cocktail Lounges,CLAIMED
Devin's Review,,4234324875,"Chattanooga, TN",,Restaurants,CLAIMED
Tasca Spanish Tapas Rstrnt,,6177308002,"Brighton, MA",https://tascaspanishtapas.com/,Restaurants,CLAIMED
Minas Brazilian Restaurant & Cachaçaria,,(415) 466-8371,"San Francisco, CA",https://minasbrazilian.com/,American Restaurants,CLAIMED
Cosimo's Italian Carry Out,,(607) 753-1000,"Cortland, NY",https://cosimositalian.com/,undefined,CLAIMED
Little Mexico Mexican Grill,,2766796948,"Norton, VA",https://littlemexico.com/,Mexican Restaurants,CLAIMED
A&W All-American Food,,(605) 345-4140,"Webster, SD",https://www.aw.com/,undefined,CLAIMED
Smokey Diva’s,,(413) 344-4206,"Pittsfield, MA",https://smokeydivas.com/,Restaurants,CLAIMED
"King Beast Pizza, Inc",,3603732020,"Bremerton, WA",https://kingbeastpizza.com/,Chain Pizzerias,CLAIMED
American Beverage Service CO,,9722938799,"Dallas, TX",,Beverage Stores,CLAIMED
Giacobbe's Restaurant and Catering,,408-269-2221,"San Jose, CA",https://giacobbes.com/,undefined,CLAIMED
El Jalapeno Charro,,(845) 940-7597,"New Windsor, NY",https://eljalapenocharro.com/,Mexican Restaurants,CLAIMED
Joe's Tavern,,(518) 235-6555,"Cohoes, NY",https://joes-tavern.com/,Restaurants,CLAIMED
AChef4Hire,,(910)264-6996,"Wilmington, NC",https://achef4hire.com/,undefined,CLAIMED
Showoff Ca,,8312060773,"Salinas, CA",,Barbecue,CLAIMED
Box Top Ads,,720434-7851,"Westminster, CO",,undefined,CLAIMED
Cici's Pizza,,(830) 895-1339,"Kerrville, TX",https://www.cicis.com/,undefined,CLAIMED
Argia's Restaurant,,7035341033,"Falls Church, VA",,Italian Restaurants,CLAIMED
Twistee Treat Amherst,,3308301076,"Massillon, OH",,Ice Cream Parlors,CLAIMED
Red Dog Saloon,,(406) 293-8347,"Libby, MT",,undefined,CLAIMED
Man Chun Hong,,(770) 454-5640,"Atlanta, GA",,undefined,CLAIMED
Thai Orchid Restaurant,,2182270099,"Moorhead, MN",https://thaiorchidrestaurant.com/,Thai Restaurants,CLAIMED
TASTEFULLY DONE,,(929) 344-5448,"Hudson, NY",https://tastefullydone.com/,Caterers,CLAIMED
Bay Leaf Indian Brasserie,,2129571818,"New York, NY",https://bayleafindian.com/,Indian Restaurants,CLAIMED
Tacos Chaco,,2145754200,"Dallas, TX",,undefined,CLAIMED
Toad-Ally Snax Inc,,215-788-7500,"Bristol, PA",https://toadallysnax.com/,Wholesale Candy and Confectionery,CLAIMED
T&T Meats,,(770) 305-7090,"McDonough, GA",https://ttmeats.com/,Restaurants,CLAIMED
Jokers Bar & Grill,,(757) 673-3164,"Chesapeake, VA",https://jokersbarandgrill.com/,undefined,CLAIMED
224 West African Cuisine,,(770) 892-5940,"College Park, GA",https://224waca.com/,Restaurants,CLAIMED
Jack in the Box,,(830) 486-0500,"Uvalde, TX",https://www.jackinthebox.com/,undefined,CLAIMED
MoMoYama,,(503) 808-9099,"Portland, OR",https://momomaya.com/,undefined,CLAIMED
Office Party Inc Corporate Office,,7133606066,"Houston, TX",,Banquet Rooms,CLAIMED
SEO Revival Marketing,,303-720-2225,"Colorado Springs, CO",https://seorevivalmarketing.com/,Restaurants,CLAIMED
316 Oyster Bar & Seafood Grill,,(910)481-0530,"Fayetteville, NC",https://316oysterbar.com/,Oyster Bars,CLAIMED
Glencoe Management Inc,,7022547400,"Las Vegas, NV",,Fast Food Restaurants and Stands,CLAIMED
S S Milton,,2078242589,"Bethel, ME",,Restaurants,CLAIMED
Dajoy's Kettle Korn & Concessions,,541-905-4316,"Lebanon, OR",https://dajoyskettlecorn.com/,Mobile Concessions,CLAIMED
eat drink catering with Eric Bauer,,2063282195,"Seattle, WA",https://eatdrinkcatering.com/,undefined,CLAIMED
Letty's Tamales & Mexican Food,,918-720-9080,"Broken Arrow, OK",https://lettystamales.com/,undefined,CLAIMED
Mama's Pizza & Soft Serve,,(724) 783-7759,"Rural Valley, PA",,undefined,CLAIMED
Rose's Caribbean Restaurant,,(706) 682-0220,"Columbus, GA",https://rosescaribbean.com/,undefined,CLAIMED
Sassafras Tea Room,,317-888-8449,"Greenwood, IN",https://sassafrastea.com/,undefined,CLAIMED
4orty Acres Apparel For Your Mind!,,801-688-3117,"Sandy, UT",https://4ortyacresapparel.com/,American Restaurants,CLAIMED
Tiki Tide Kava Bar,,954-325-2760,"Fort Lauderdale, FL",https://tikitidekavabar.com/,Bars,CLAIMED
Burger King,,(865) 524-3477,"Knoxville, TN",https://www.burgerking.com/,undefined,CLAIMED
Nixon Deli Franchises dba Nixon's Deli,,(865) 332-4686,"Knoxville, TN",https://nixonsdeli.com/,undefined,CLAIMED
Dollie's Event Staffing and Services,,(832)655-3834,"Houston, TX",https://dolliesevents.com/,Restaurants,CLAIMED
Sticky Fingers Corporate Office,,,"Celebration, FL",,undefined,CLAIMED
The Headhunter Truck LLC,,,"Tujunga, CA",,Restaurants,CLAIMED
Bops Frozen Custard,,(601) 992-2677,"Flowood, MS",https://bopsfrozencustard.com/,undefined,CLAIMED
Tacos LA Bala,,(281) 492-3370,"Katy, TX",https://tacoslabala.com/,undefined,CLAIMED
Alice's Catering,,317-697-5285,"Indianapolis, IN",,Luncheonette Food Supply,CLAIMED
Uncle Paulies Cookies,,909-354-9668,"Seattle, WA",,undefined,CLAIMED
KYF Catering,,4439387176,"Dundalk, MD",https://kyfcatering.com/,Caterers,CLAIMED
Hot Dog on a Stick,,(480) 361-0187,"Mesa, AZ",https://www.hotdogonastick.com/,Hot Dog Stands,CLAIMED
Rhythm And Brunch,,2159219915,"Philadelphia, PA",,Cafes,CLAIMED
Four Seasons Authentic Thai Cuisine,,732-819-8787,"Piscataway, NJ",https://fourseasonsthai.com/,Thai Restaurants,CLAIMED
Big Dipper Ice Cream Parlor,,(707) 963-2616,"Saint Helena, CA",,undefined,CLAIMED
Steak & Biscuit,,3378248150,"Jennings, LA",,undefined,CLAIMED
Breeze In Market Deli,,(931)364-3161,"Lewisburg, TN",https://breezeinmarketdeli.com/,Delicatessens,CLAIMED
Bobo China Restaurant,,(770) 564-2811,"Lawrenceville, GA",,undefined,CLAIMED
True Cuisine Catering,,6306903201,"Wood Dale, IL",https://truecuisinecatering.com/,Caterers,CLAIMED
Red Ultra Lounge,,,"Atlanta, GA",,Bars and Lounges,CLAIMED
3 Squares Restaurant,,763-425-3330,"Maple Grove, MN",https://3squaresrestaurant.com/,Restaurants,CLAIMED
Matthew Shafer Catering,,269-487-8154,"South Haven, MI",https://matthewshafercatering.com/,undefined,CLAIMED
Koenig family Kersey Inn LLC,,(970) 352-2676,"Kersey, CO",,undefined,CLAIMED
Four Lakes Bar & Grill,,8632935201,"Winter Haven, FL",,Bars,CLAIMED
Nipa Hut Bar & Restaurant,,4075073826,"Kissimmee, FL",,undefined,CLAIMED
anchor house restaurant,,(413) 596 - 3055,"wilbraham, MA",https://anchorhouserestaurant.com/,American Restaurants,CLAIMED
Little Caesars Pizza,,8646539535,"Clemson, SC",https://www.littlecaesars.com/,Chain Pizzerias,CLAIMED
Zayna Flaming Grill,,(310) 540-0777,"Redondo Beach, CA",https://zaynaflaminggrill.com/,undefined,CLAIMED
It's All Good Catering,,323-291-4663,"Los Angeles, CA",https://itsallgoodcatering.com/,undefined,CLAIMED
Domino's Pizza,,(540) 953-4600,"Blacksburg, VA",https://www.dominos.com/,undefined,CLAIMED
Bestway Sandwiches,,8183611800,"San Fernando, CA",,Family Restaurants,CLAIMED
Damascus Cafe & Bistro,,407-351-6111,"Orlando, FL",,undefined,CLAIMED
Fusion empanada,,(201) 880-9800,"Hackensack, NJ",https://fusionempanada.com/,Restaurants,CLAIMED
Bella's Pizza & Deli,,9105790000,"Calabash, NC",https://bellaspizzadeli.com/,Pizza,CLAIMED
Catering D'Orleans,,(504)427-7751,"New Orleans, LA",https://cateringdorleans.com/,undefined,CLAIMED
Are You Being Served Catering,,1415-898-0163,"san Francisco, CA",https://areyoubeingservedcatering.com/,Caterers,CLAIMED
Temptations Caterers,,9547554730,"Wilton Manors, FL",https://temptationscaterers.com/,Caterers,CLAIMED
Heavenly Restaurant,,(732) 543-0288,"Milltown, NJ",https://heavenlyrestaurant.com/,American Restaurants,CLAIMED
Saffron Restaurant,,6172624398,"Boston, MA",https://saffronrestaurant.com/,Restaurants,CLAIMED
Poasa imports / Samoan Market,,3109520297,"Carson, CA",,Carry Out Restaurants,CLAIMED
Alesi's Italian Restaurant,,(337) 984-1823,"Lafayette, LA",https://alesis.com/,undefined,CLAIMED
42 Saloon,,,"London, OH",,undefined,CLAIMED
Dakota Gourmet,,7016423068,"Wahpeton, ND",,Snack Foods,CLAIMED
O'Flaherty's Ale House,,2125819366,"New York, NY",,Restaurants,CLAIMED
Corner Bar & Grill,,(727) 584-3126,"Largo, FL",https://cornerbargrill.com/,undefined,CLAIMED
"Gina & Bills, Organics, LLC",,678-416-8073,"Newnan, GA",,undefined,CLAIMED
DADA Art Bar,,(720) 350-4716,"Denver, CO",https://dadaartbar.com/,Bars,CLAIMED
Convivio,,(984) 219-1961,"Durham, NC",https://convivio-durham.com/,undefined,CLAIMED
Caddyshack Sports Bar & Grill,,2172274494,"Farmersville, IL",,Restaurants,CLAIMED
Elizabeth's Pizza Ristorante Italiano,,9104242848,"Hope Mills, NC",https://elizabethspizza.com/,Italian Restaurants,CLAIMED
Michelangelo's Pizza,,(919)467-0013,"Cary, NC",https://michelangelospizza.com/,undefined,CLAIMED
B & J's Pizza,,3619856474,"Corpus Christi, TX",https://bjspizza.com/,Pizza,CLAIMED
Crazy Horse 3 Gentlemen's Club,,(702) 673-1700,"Las Vegas, NV",https://crazyhorse3.com/,Night Clubs,CLAIMED
Zinburger Wine & Burger Bar,,732-851-4590,"Marlboro Township, NJ",https://zinburger.com/,Restaurants,CLAIMED
Taters Cafe,,(503) 623-3335,"Dallas, OR",,undefined,CLAIMED
The Sports Grill,,(770) 739-1130,"Austell, GA",,undefined,CLAIMED
Sofrito Mama's,,941-554-8786,"Sarasota, FL",https://sofritomamas.com/,undefined,CLAIMED
Pepper Soup Cafe,,(713) 776-8989,"Houston, TX",https://peppersoupcafe.com/,undefined,CLAIMED
Rae Rae's Catering,,(205) 266-0831,"Center Point, AL",https://raeraescatering.com/,undefined,CLAIMED
Stonewalls BBQ of Hattiesburg,,(601)450-3533,"Hattiesburg, MS",https://stonewallsbbq.com/,undefined,CLAIMED
Dickens Cafe & Tea Bar,,803-644-1400,"Aiken, SC",https://dickenscafe.com/,undefined,CLAIMED
Melt Gelato & Crepe Cafe,,(951) 359-1945,"Riverside, CA",https://meltgelato.com/,undefined,CLAIMED
Royal Pizza Plus,,(904) 744-1555,"Jacksonville, FL",https://royalpizzaplus.com/,undefined,CLAIMED
The Brown Boxer Pub & Grille,,(727) 441-6000,"Clearwater, FL",https://brownboxerpub.com/,undefined,CLAIMED
Original Pancake House,,412-358-9622,"Pittsburgh, PA",https://originalpancakehouse.com/,undefined,CLAIMED
Woody's Country House,,(570)646-9932,"Blakeslee, PA",https://woodyscountryhouse.com/,undefined,CLAIMED
Young Bucks BBQ LLC,,2812453321,"League City, TX",https://youngbucksbbq.com/,Barbecue,CLAIMED
Cana Wine & Martini Bar,,(330) 722-1919,"Medina, OH",https://canawinemartini.com/,undefined,CLAIMED
Frutissia Ice Cream,,3522292615,"Ocala, FL",https://frutissiaicecream.com/,Ice Cream Parlors,CLAIMED
Mani in Pasta,Italian Panini New York,,"New York, NY",https://maninpasta.com/,Restaurants,CLAIMED
Cottage Inn Pizza,,(734) 398-6625,"Canton, MI",https://cottageinnpizza.com/,undefined,CLAIMED
Southbound Texas Grill & Saloon,,(830) 773-7400,"Eagle Pass, TX",https://southboundtexassaloon.com/,undefined,CLAIMED
Aga's Restaurant & Catering,,2817769292,"Houston, TX",https://agasrestaurant.com/,Family Restaurants,CLAIMED
Tap Beer Cafe,,347-377-2099,"Brooklyn, NY",https://tapbeercafe.com/,Restaurants,CLAIMED
"GrillBillies Barbecue, LLC.",,9199770106,"Raleigh, NC",https://grillbilliesbbq.com/,Barbecue,CLAIMED
Jason's Deli,,(312) 850-0547,"Chicago, IL",https://www.jasonsdeli.com/,undefined,CLAIMED
El Jalapenos Authentic Mexican Restaurant,,(216) 226-9765,"Cleveland, OH",https://eljalapenos.com/,undefined,CLAIMED
The Comedy Zone,,904-292-4242,"Jacksonville, FL",https://thecomedyzone.com/,Comedy Clubs,CLAIMED
Damenzo's Banquets,,312-488-1922,"Chicago, IL",https://damenzosbanquets.com/,Restaurants,CLAIMED
Restaurants,,212-535-5678,"New York, NY",https://restaurants.com/,Restaurants,CLAIMED
A Catered Affair with Connie,,970-215-0296,"Loveland, CO",https://acateredaffectwithconnie.com/,undefined,CLAIMED
All Friends Smokehouse,,774-264-9798,"Westport, MA",https://allfriendssmokehouse.com/,undefined,CLAIMED
MexiTamales Mexican Food Delivery,,832-800-3855,"Houston, TX",https://mexitamales.com/,undefined,CLAIMED
Tacqueria San Pedro,,212-491-2644,"New York, NY",https://tacqueriasanpedro.com/,Mexican Restaurants,CLAIMED
Morocco's Restaurant,,408-998-1509,"San Jose, CA",https://moroccosrestaurant.com/,undefined,CLAIMED
BGR The Burger Joint,,5713131021,"Reston, VA",https://bgrrva.com/,Health Food Restaurants,CLAIMED
Mama's Famous DownHome Cooking,,402-690-7187,"Omaha, NE",https://mamasfamous.com/,Cafes,CLAIMED
Banfield's Swiss Haus,,6087448877,"Cuba City, WI",https://banfieldschus.com/,Caterers,CLAIMED
"Shelby Floats and BBQ, LLC",,4193427427,"Shelby, OH",https://shelbyfloatsandbbq.com/,Restaurants,CLAIMED
Salsa Cafe Restaurant,,9739281717,"Garfield, NJ",https://salsacafe.com/,Restaurants,CLAIMED
"Adirondack Coffee of Nisswa, LLC",,(218) 967-0111,"Nisswa, MN",https://adirondackcoffee.com/,undefined,CLAIMED
Westside Cafe & Market,,(970) 476-7890,"Vail, CO",https://westsidecafe.com/,undefined,CLAIMED
Phillippi's Family Dining,,(724) 226-3505,"Natrona Heights, PA",https://phillippisfamilydining.com/,undefined,CLAIMED
Rizzuto's Wood-Fired Kitchen and Bar,,(203) 221-1002,"Westport, CT",https://rizzutos.com/,undefined,CLAIMED
Sobo Sushi and Ramen,,3854215656,"Lehi, UT",https://sobosushi.com/,Japanese Restaurants,CLAIMED
Retro Eatery,,814-343-6257,"Philipsburg, PA",https://retroeatery.com/,undefined,CLAIMED
Baja Joe's Mexican Cantina,,(480) 655-1828,"Mesa, AZ",https://bajajoescantina.com/,undefined,CLAIMED
Yeyo's Mexican Grill,,(479) 668-0774,"Bentonville, AR",https://yeyosmexicangrill.com/,Mexican Restaurants,CLAIMED
Asian Tao,,8013592092,"Salt Lake City, UT",https://asiantaogallery.com/,Vietnamese Restaurants,CLAIMED
Deno's Bar & Grill,,(402)568-2552,"Snyder, NE",https://denosbarandgrill.com/,Bars,CLAIMED
Midi Restaurant,,2187274880,"Duluth, MN",https://midirestaurant.com/,Restaurants,CLAIMED
Back Porch Restaurant,,(724) 483-4500,"Belle Vernon, PA",https://backporchrestaurant.com/,undefined,CLAIMED
Zion's Kitchen,,2026369097,"Washington, DC",https://zionskitchen.com/,undefined,CLAIMED
Gyro King,,(727) 786-8664,"Palm Harbor, FL",https://gyroking.net/,undefined,CLAIMED
The Model T,,(404) 872-2209,"Atlanta, GA",https://themodelt.com/,undefined,CLAIMED
Puttin' on the Ritz Dining,,253-320-8819,"Auburn, WA",https://puttintontheritzdining.com/,undefined,CLAIMED
Cornerstone Cafe,,(828) 452-4252,"Waynesville, NC",https://cornerstonecafe.com/,undefined,CLAIMED
Lucille's Links And Bar-B-Q,,(254) 275-0249,"Harker Heights, TX",https://lucilleslinks.com/,undefined,CLAIMED
Hookah House,,508-369-7776,"Lake Worth, FL",,undefined,CLAIMED
Fit-N-Fresh Market & Cafe,,(410) 221-6199,"Cambridge, MD",https://fitnfreshmarket.com/,undefined,CLAIMED
A Touch of Help,,(773)774-3588,"Schaumburg, IL",,undefined,CLAIMED
Daizy Dukes Inc.,,(870) 683-2288,"Garland City, AR",,undefined,CLAIMED
Slide Breakfast House,,(806) 771-7514,"Lubbock, TX",,undefined,CLAIMED
Ray’s Plaza Banquet Center,,(573) 427-2931,"Cape Girardeau, MO",https://raysplazabanquetcenter.com/,Caterers,CLAIMED
Cuzi Fresh Cafe,,,"Roswell, GA",,undefined,CLAIMED
Kelly's,,(972) 690-8210,"Dallas, TX",,undefined,CLAIMED
Pizza Parlour,,4796324176,"Alma, AR",,Pizza,CLAIMED
Slugger Pizza Inc,,(309) 792-9100,"Silvis, IL",https://sluggerpizza.com/,undefined,CLAIMED
Blue Diamond Growers,,9164420771,"Sacramento, CA",https://bluediamondgrowers.com/,Wholesale Edible Nuts,CLAIMED
Commercial Point Cafe,,(954)731-2233,"Fort Lauderdale, FL",,undefined,CLAIMED
I's Cafe,,,"New Brunswick, NJ",,Restaurants,CLAIMED
Sikorski Place,,(979)822-1569,"Bryan, TX",,Bars,CLAIMED
A Taste Of Heaven Catering,,813-506-7619,"Tampa, FL",https://atasteofheaven.com/,undefined,CLAIMED
Teriyaki Restaurant,,9372913885,"Dayton, OH",,Restaurants,CLAIMED
Asylum Nightclub,,(478) 254-2053,"Macon, GA",https://asylumnightclub.com/,undefined,CLAIMED
Alexander's Great BBQ,,7062674720,"Augusta, GA",https://alexandersgreatbbq.com/,undefined,CLAIMED
Aztec's Sports Bar & Grill,,(907) 696-6696,"Eagle River, AK",https://aztecsportsbar.com/,undefined,CLAIMED
Union Jack,,920-731-7393,"Appleton, WI",https://unionjackwi.com/,Bars,CLAIMED
FoozeOn,,,"Asbury Park, NJ",,Restaurants,CLAIMED
Lee's Hill Catering,,5403792722,"Fredericksburg, VA",https://leeshillcatering.com/,Caterers,CLAIMED
twisted RAnCh,,(314) 833-3450,"Saint Louis, MO",https://twistedranch.com/,American Restaurants,CLAIMED
Pizzarro,,(202) 332-0011,"Washington, DC",https://pizzarro.com/,Pizza,CLAIMED
Saffron Restaurant And Lounge,,(612) 746-5533,"Minneapolis, MN",https://saffronrestaurant.com/,Restaurants,CLAIMED
Get It On A Bun,,5029356131,"Louisville, KY",,Hot Dog Stands,CLAIMED
Norris Seafood,,4105746759,"Essex, MD",https://norrisseafood.com/,Seafood Restaurants,CLAIMED
The Brixton,,(773) 961-7358,"Chicago, IL",https://thebrixton.com/,American Restaurants,CLAIMED
Touche Euro Lounge,,(209) 476-1514,"Stockton, CA",https://toucheeuro.com/,undefined,CLAIMED
Zweet Temtations,,7872222243,"Toa Alta, PR",,undefined,CLAIMED
Sweet and Savory Gourmet,,678-310-7674,"Atlanta, GA",https://sweetandsavorygourmet.com/,undefined,CLAIMED
Iscreamery LLC,,201 383 0818,"Hillsdale, NJ",,undefined,CLAIMED
Maria's Island Restaurant,,,"Hephzibah, GA",,Restaurants,CLAIMED
Skadi Inc,,7609140962,"Mammoth Lakes, CA",https://skadiinc.com/,French Restaurants,CLAIMED
Tom's Famous Family Restaurants,,(626) 579-5750,"South El Monte, CA",https://tomsfamous.com/,undefined,CLAIMED
Burger Joint,,,,,,
SOHO CAFE INC,,6123777996,"Minneapolis, MN",,undefined,CLAIMED
Let Me Cook,,7604498746,"Palm Springs, CA",https://letmekook.com/,Independent Family Restaurants,CLAIMED
Wise Guys Philly Cheesesteak,,925-443-4897,"Livermore, CA",https://wiseguysphilly.com/,undefined,CLAIMED
StarOfService,,(617) 849-8528,"Ashland, KY",https://starofservice.com/,undefined,CLAIMED
Mumtaz India Restaurant,,2128794797,"New York, NY",https://mumtazindia.com/,Indian Restaurants,CLAIMED
Kajun Korner Express,,(337) 534-0491,"Lafayette, LA",https://kajunkorner.com/,undefined,CLAIMED
Jaffa City Cafe,,6509947950,"Colma, CA",https://jaffacitycafe.com/,Sandwiches,CLAIMED
The Fireside Tap & Grill,,(269) 414-4103,"Edwardsburg, MI",https://firesidetap.com/,undefined,CLAIMED
JB'S CAFE,,706-653-4070,"Columbus, GA",,undefined,CLAIMED
Princeton Lanes and Lounge,,(763) 389-5658,"Princeton, MN",https://princetonlanes.com/,Bars and Lounges,CLAIMED
Crown Fried Chicken,,7183025141,"Brooklyn, NY",https://crownfriedchicken.com/,Chicken Restaurants,CLAIMED
Pistol Petes Catering Co,,6788471887,"McDonough, GA",https://pistolpetescatering.com/,Restaurants,CLAIMED
Royal Fish Shrimp-chicken Inc,,614-429-6002,"Columbus, OH",https://royalfishshrimp.com/,undefined,CLAIMED
Onassis Coney Island Inc,,3132229999,"Detroit, MI",https://onaissonconeyisland.com/,Restaurants,CLAIMED
Schlotzsky's Deli,,5123322867,"Bastrop, TX",https://schlotzkys.com/,Delicatessens,CLAIMED
Ready Room Restaurant & Lounge,,,"Aurora, CO",,Cocktail Lounges,CLAIMED
Cajun Gator,,(808) 841-2256,"Honolulu, HI",https://cajun-gator.com/,undefined,CLAIMED
Roanoke Grill & Tavern,,(817) 490-0099,"Roanoke, TX",https://roanokegrill.com/,undefined,CLAIMED
Basement Lounge,,5629019090,"Long Beach, CA",https://basementlounge.com/,Cocktail Lounges,CLAIMED
Gold Leaf Gourmet,,1.844.438.1581,"Gaithersburg, MD",https://goldleafgourmet.com/,Dessert Preparations,CLAIMED
Adelitas Cocina y Cantina,,303-778-1294,"Denver, CO",https://adelitasdenver.com/,Restaurants,CLAIMED
Pizza On Earth,,(815) 394-0391,"Rockford, IL",https://pizzaonearth.com/,undefined,CLAIMED
Skydine Services,,(701) 356-2124,"Hector International Airport, Fargo, ND",,undefined,CLAIMED
Basil's Sports Bar And Grill,,3049144478,"Weirton, WV",https://basilssportsbar.com/,Food Bars,CLAIMED
LA Bamba Grill,,2056377331,"Birmingham, AL",https://labambagrill.com/,Mexican Restaurants,CLAIMED
"Guerrieri Management, Inc",,2395733674,"Cape Coral, FL",,Chain Fast Food Restaurants,CLAIMED
The Sands Catering Hall,,516-432-3200,"Lido Beach, NY",https://thesandscatering.com/,undefined,CLAIMED
Reese S Drive In,,2052212394,"Jasper, AL",,Drive-In Restaurants,CLAIMED
Creative Staffing,,(770) 813-8011,"Duluth, GA",,undefined,CLAIMED
Ray Ray's BBQ,,915-252-5619,"El Paso, TX",https://rayraysbbq.com/,Barbecue,CLAIMED
Malone's Steak & Seafood,,4047625577,"Atlanta, GA",https://malonessteak.com/,Grills (Eating Places),CLAIMED
Montville Diner,,(973) 575-0326,"Pine Brook, NJ",,undefined,CLAIMED
Mantraa Bar & Grill LLC,,(254) 968-4904,"Stephenville, TX",https://mantraabar.com/,undefined,CLAIMED
Oswego Grill,,5033524750,"Lake Oswego, OR",https://oswegogrill.com/,Grills (Eating Places),CLAIMED
willmarth llc,,(571) 291-3005,"Ashburn, VA",,undefined,CLAIMED
Kofemi Catering,,(202)459-7928,"Gaithersburg, MD",https://kofemicatering.com/,Caterers,CLAIMED
Bert's Cafe & Grill,,4357349544,"Brigham City, UT",https://bertscafe.com/,Cafes,CLAIMED
Good Times Entertainment,,(708) 925-9237,"Blue Island, IL",,undefined,CLAIMED
Lory's Lakeside,,,"North Brunswick, NJ",,Restaurants,CLAIMED
Tacos El Ranchero,,8015391513,"Salt Lake City, UT",https://tacoselranchero.com/,Mexican Restaurants,CLAIMED
Famous Joe (Bellissimo) Pizza And Cafe,,,"East Brunswick, NJ",,Pizza,CLAIMED
Am Resturant,,5865520032,"Warren, MI",,Restaurants,CLAIMED
Medieval Times Dinner & Tourn,,4437550011,"Hanover, MD",https://medievaltimes.com/,Dinner Theatres,CLAIMED
D's 1600 Club,,6822310657,"Fort Worth, TX",,Night Clubs,CLAIMED
Mama Mia Cuisine,,8656919100,"Knoxville, TN",https://mamamiacuisine.com/,Pizza,CLAIMED
Vito's Restaurant,,3055097716,"Key West, FL",https://vitosthebest.com/,Pizza,CLAIMED
Martin's Restaurant,,8434491368,"Myrtle Beach, SC",https://martinsrestaurant.com/,Ethnic Food Restaurants,CLAIMED
Coco's Club and Pub,,,"Gastonia, NC",,undefined,CLAIMED
Hibiscus Cafe,,954-533-7224,"Fort Lauderdale, FL",https://hibiscuscafe.com/,undefined,CLAIMED
Portside Pub,,4106825580,"Essex, MD",https://portsidepub.com/,Pubs,CLAIMED
Fatoush Mediterranean Grill & Cafe,,(832) 593-7771,"Houston, TX",https://fatoush.com/,Restaurants,CLAIMED
Ohrt's Smokehouse Bbq LLC,,3192315236,"Ionia, IA",https://ohrtsbbq.com/,undefined,CLAIMED
Daves2Catering,,314-560-5576,"Saint Louis, MO",https://daves2catering.com/,Caterers,CLAIMED
Arezzo,,(203) 557-9375,"Westport, CT",https://arezzorestaurant.com/,Italian Restaurants,CLAIMED
"Golden Eagle Foods, Inc",,970 353-0975,"Greeley, CO",,undefined,CLAIMED
Port Bistro,,3606428447,"Ilwaco, WA",https://portbistro.com/,Restaurants,CLAIMED
Elkton Country Cafe,,4172825800,"Flemington, MO",https://elktoncountrycafe.com/,Family Restaurants,CLAIMED
Group Therapy,,715-478-2441,"Crandon, WI",,Food Bars,CLAIMED
Cafe Mantic,,(860) 423-4243,"Willimantic, CT",https://cafemantic.com/,undefined,CLAIMED
Il Piccolo Caffe,,6503484147,"Burlingame, CA",https://ilpiccolocaffe.com/,Coffee Shops,CLAIMED
Catering For You,,,"Hutchinson, KS",,undefined,CLAIMED
Pizza Mia,,,"New Brunswick, NJ",,Pizza,CLAIMED
Mystery and Mayhem Theater,,865-365-1327,"Pigeon Forge, TN",https://mysteryandmayhem.com/,undefined,CLAIMED
"Tiki Bob's Cantina, North 18th Street, Richmond, VA",,,"Richmond, VA",,Night Clubs,CLAIMED
Lady J'z,,7134347775,"Houston, TX",,Bars,CLAIMED
Mi Chula's Good Mexican,,(214) 619-5680,"Plano, TX",https://michulasgoodmexican.com/,undefined,CLAIMED
Camille's Sidewalk Cafe,,9182995997,"Tulsa, OK",https://camillescafe.com/,Cafes,CLAIMED
The Eatery by Ryan,,2392885851,"Fort Myers, FL",https://theeaterybyryan.com/,Cafes,CLAIMED
America's Sports Bar & Grill,,8642836414,"Greenville, SC",https://americassportsbar.com/,Drinking Places,CLAIMED
Felicia Thornton,,(904) 470-9845,"Jacksonville, FL",,undefined,CLAIMED
HALAL AND PURE LLC,,7028689096,"Las Vegas, NV",,Family Restaurants,CLAIMED
Burger King Holdings Inc,,3053783000,"Miami, FL",https://www.burgerking.com/,Chain Fast Food Restaurants,CLAIMED
Papa Chuck's,,(740) 452-6303,"Zanesville, OH",,undefined,CLAIMED
Krystal Corporation,,,"Omaha, NE",,undefined,CLAIMED
Sportsman Bar,,951-277-2706,"Corona, CA",,Pubs,CLAIMED
Dickey's,,6612510840,"Santa Clarita, CA",https://www.dickies.com/,Steak and Barbecue Restaurants,CLAIMED
Hot Dog on a Stick,,808-871-8696,"Kahului, HI",https://www.hotdogonastick.com/,Hot Dog Stands,CLAIMED
The Spot,,4692975298,"Desoto, TX",,Bars,CLAIMED
Fukami Sushiya,,971-202-2864,"Portland, OR",https://fukamisushiya.com/,Japanese Restaurants,CLAIMED
Amici Pizzeria,,425-896-8327,"Kirkland, WA",https://amicipizzeria.com/,undefined,CLAIMED
Clubs in NYC Nightlife Pass - Enter All Night Clubs,,646-921-4611,"New York, NY",https://clubsinnyc.com/,Night Clubs,CLAIMED
Vaping bar,,,"Los Angeles, CA",,Bars,CLAIMED
Kaleo Cafe & Bakery LLC,,316-835-2899,"Halstead, KS",https://kaleocafe.com/,undefined,CLAIMED
"Splash Bar, LLC",,(408) 993-0861,"San Jose, CA",https://splashbar.com/,undefined,CLAIMED
"The Bite Toffee Company, LLC",,7852728316,"Topeka, KS",https://thebitetoffee.com/,Restaurants,CLAIMED
McMenamins Corvallis Pub,,(541)758-6044,"Corvallis, OR",https://mcmenamins.com/,undefined,CLAIMED
Planks Seafood Grill,,2542267835,"Killeen, TX",https://plankssa.com/,Seafood Restaurants,CLAIMED
South Fork Texas,,(972) 423-7235,"Murphy, TX",https://southforktexas.com/,Steak Restaurants,CLAIMED
Ken's House of Pancakes,,(808) 935-8711,"Hilo, HI",https://kenshouseofpancakes.com/,undefined,CLAIMED
Hot Dog on a Stick,,(209) 839-0967,"Tracy, CA",https://www.hotdogonastick.com/,Restaurants,CLAIMED
Brigett's Last Laugh,,(602) 788-0507,"Phoenix, AZ",https://brigettslastlaugh.com/,undefined,CLAIMED
Possum Ridge Bbq LLC,,8506894334,"Crestview, FL",https://possumridgebbq.com/,Barbecue,CLAIMED
Top Flight Bbq LLC,,865-405-8644,"Stephenson, VA",https://topflightbbq.com/,undefined,CLAIMED
Beach Bettys,,(954)921-9893,"Dania Beach, FL",https://beachbettys.com/,Bars,CLAIMED
Buckhorn Bar & Grill,,9202954321,"Princeton, WI",https://buckhornbar.com/,undefined,CLAIMED
The Catering Company,,(716) 485-3114,"Hamburg, NY",https://thecateringcompany.com/,Caterers,CLAIMED
"Balvo, LLC",,5034457400,"Portland, OR",,American Restaurants,CLAIMED
Herbs Catering,,(239) 216-2685,"Naples, FL",https://herbscatering.com/,undefined,CLAIMED
nono,,,"Brooklyn, PA",,Restaurants,CLAIMED
Beyond Basil Catering Inc,,(406) 256-0830,"Billings, MT",https://beyondbasil.com/,undefined,CLAIMED
Comedy @ The Crib,,313-739-8747,"Pontiac, MI",https://comedyatthecrib.com/,undefined,CLAIMED
Simply Delicious Cuisine Catering,,773 785-2000,"Chicago, IL",https://simplydeliciouscuisine.com/,undefined,CLAIMED
Thai Paradise,,(614 920-6005,"Pickerington, OH",https://thaiparadise.com/,undefined,CLAIMED
Party City,,205-889-3682,"Birmingham, AL",https://www.partycity.com/,Frozen Yogurt Stands,CLAIMED
Moynagh's Tavern Inc,,(508) 753-9686,"Worcester, MA",https://moynaghs.com/,undefined,CLAIMED
The Border Restaurant,,(970)686-1217,"Windsor, CO",https://theborderrestaurant.com/,undefined,CLAIMED
Hungry Howie's,,7344220333,"Westland, MI",https://www.hungryhowies.com/,Chain Pizzerias,CLAIMED
Mango Tree Restaurant,,(321) 799-2600,"Cocoa Beach, FL",https://mangotreerestaurant.com/,undefined,CLAIMED
Guatemala,,7704526408,"Atlanta, GA",,Restaurants,CLAIMED
Satellite Pizza,,6314723800,"Bayport, NY",https://satellitepizza.com/,Pizza,CLAIMED
Doumar's Cones & Barbecue,,7576274163,"Norfolk, VA",https://doumars.com/,Barbecue,CLAIMED
Budget Ballin Chicago,,(206) 376-8756,"Berwyn, IL",,Bars,CLAIMED
Stir It Up Bartending,,(949) 413-9230,"Los Angeles, CA",https://stiritupbartending.com/,Bars,CLAIMED
Hcl Inc,,3193664748,"Cedar Rapids, IA",,Bars,CLAIMED
Selma Restaurant Oasis Steakhouse & Grill,,(334) 526-2601,"Selma, AL",https://selmaoasis.com/,undefined,CLAIMED
Murder Mystery Texas,,972-263-5178,"Dallas, TX",https://murdermysterytexas.com/,Restaurants,CLAIMED
Cranberry's Gourmet Cafe,,,"Cranbury, NJ",,Restaurants,CLAIMED
Backwoods Pub & Grill,,(715) 276-1700,"Townsend, WI",https://backwoodspub.com/,Restaurants,CLAIMED
Excellent Kettle Corn,,,"Bellingham, WA",https://excellentkettlecorn.com/,undefined,CLAIMED
Blue Moon Bell LLC,,4052832583,"Falls Church, VA",,Restaurants,CLAIMED
Kandy Subway Inc,,5134940217,"Maineville, OH",,Sandwiches,CLAIMED
The Wooden Spoon,,913-345-9849,"Overland Park, KS",https://thewoodenspoon.com/,undefined,CLAIMED
Roadhouse Grill,,973-955-2628,"Red Bank, NJ",https://roadhousegrill.com/,Restaurants,CLAIMED
Rock the House Pub & Grill,,(920) 269-2233,"Brownsville, WI",https://rockthehouse.com/,undefined,CLAIMED
Jerry & Joe's Pizza,,3058215555,"Hialeah, FL",https://jerryandjoespizza.com/,Pizza,CLAIMED
A & G Club Dreams,,(713) 522-6140,"Houston, TX",,undefined,CLAIMED
Papa John's Pizza,,8123367272,"Bloomington, IN",https://www.papajohns.com/,Pizza,CLAIMED
Arrow Fast Foods,,8106393225,"Montrose, MI",,Chain Fast Food Restaurants,CLAIMED
Kinoyume Sushi & Grill,,858-999-0308,"La Jolla, CA",https://kinoyumesushi.com/,Restaurants,CLAIMED
Dickey's,,5037465299,"Beaverton, OR",https://www.dickies.com/,Steak and Barbecue Restaurants,CLAIMED
TNT Yogurt,,616-796-8900,"Holland, MI",https://tntyogurt.com/,Frozen Yogurt Stands,CLAIMED
Greenies,,5138313400,"Milford, OH",,Bars,CLAIMED
Mc Donald's,,(770) 973-1125,"Marietta, GA",https://www.mcdonalds.com/,undefined,CLAIMED
Bigg Mans Bbq,,678-973-2561,"Atlanta, GA",,undefined,CLAIMED
Rock City Grill,,(509)455-4400,"Spokane, WA",https://rockcitygrill.com/,Grills (Eating Places),CLAIMED
Sugies Meditterrenean Cafe,,(386)295-1925,"Daytona Beach, FL",https://sugiescafe.com/,undefined,CLAIMED
Sushi-Rama,,(720) 476-4643,"Denver, CO",https://sushirama.com/,Restaurants,CLAIMED
A’dar Lounge,,(646) 559-5372,"New York, NY",https://adarlounge.com/,Bars,CLAIMED
Zest Catering & Events,,,"Los Angeles, CA",,undefined,CLAIMED
Sertinos Cafe,,(520) 760-0651,"Tucson, AZ",,undefined,CLAIMED
Truffle & Basil Private Chef Group & Chef Consultant,,(800)-659-5308,"Brooklyn, NY",https://truffleandbasil.com/,undefined,CLAIMED
Zuni,,2127657626,"New York, NY",https://zuni.com/,Restaurants,CLAIMED
Villa Venafro Restaurant,,(231) 894-9830,"Montague, MI",https://villavenafro.com/,undefined,CLAIMED
"Arrows of Tecumseh, LLC",,(405) 598-0555,"Tecumseh, OK",,undefined,CLAIMED
MAHDMarketing,,425-773-4854,"kirkland, WA",,Restaurants,CLAIMED
Stirling Books & Brew,,517-629-7560,"Albion, MI",https://stirlingbooksandbrew.com/,Coffee Shops,CLAIMED
Redwood Chinese Restaurant,,9319060388,"Clarksville, TN",,Chinese Restaurants,CLAIMED
Koffee Haus,,614 232-2233,"Columbus, OH",,undefined,CLAIMED
Comes Investments,,515-330-1172,"West Des Moines, IA",,Pizza,CLAIMED
Amigo Mexican Restaurant,,423-543-1711,"Elizabethton, TN",https://amigomexican.com/,undefined,CLAIMED
Vinyl Doctor,,(816) 244-0240,"Independence, MO",https://vinyldoctor.com/,Restaurants,CLAIMED
Komfort By Keewee,,5852848902,"Rochester, NY",https://komfortbykeewee.com/,Caterers,CLAIMED
TheFunnelCakeTruck,,9136369647,"Olathe, KS",https://thefunnelcaketrick.com/,Caterers,CLAIMED
Speals Tavern,,(724) 433-1322,"New Alexandria, PA",https://spealstavern.com/,Pubs,CLAIMED
Hudson Grille,,4042330313,"Atlanta, GA",https://hudsongrille.com/,Grills (Eating Places),CLAIMED
Leaning Tower Pizzeria,,(850) 942-9904,"Tallahassee, FL",https://leaningtowerpizza.com/,undefined,CLAIMED
Anthony Estate Of Slysz,,(570) 457-7526,"Avoca, PA",,undefined,CLAIMED
Randy White Hall of Fame Bbq,,9723770540,"Frisco, TX",https://randywhitebbq.com/,Grills (Eating Places),CLAIMED
Baguette DE France,,(269) 983-9595,"Saint Joseph, MI",https://baguettedefrance.com/,undefined,CLAIMED
Subway,,(951) 699-6174,"Temecula, CA",https://www.subway.com/,undefined,CLAIMED
Harold's Restaurant,,(864) 489-9153,"Gaffney, SC",https://haroldsrestaurant.com/,American Restaurants,CLAIMED
Eno Terra,,,"Kingston, NJ",,Restaurants,CLAIMED
Sears,,7186180883,"Brooklyn, NY",,Restaurants,CLAIMED
Longboard Larry's Deli,,8508626011,"Fort Walton Beach, FL",https://longboardlarrys.com/,undefined,CLAIMED
"Sternbach Holdings, LLC",,3473854551,"New York, NY",,Restaurants,CLAIMED
Main Station Restaurant Bar & Grill,,(815)539-7011,"Mendota, IL",https://mainstationrestaurant.com/,Bars,CLAIMED
La Figa catering,,206 295 9393,"Seattle, WA",,undefined,CLAIMED
Supreme Diner,,(718) 618-9326,"Queensbury, NY",https://supremediner.com/,Restaurants,CLAIMED
Sye's Club,,5807652881,"Ponca City, OK",,Pubs,CLAIMED
Carson City Saloon,,4124813203,"Pittsburgh, PA",https://carsoncitysaloon.com/,Saloons,CLAIMED
Phil's Beef Jerky,,325-260-3214,"Tye, TX",https://philsbeefjerky.com/,Restaurants,CLAIMED
The Carbon Store,,2546393110,"Carbon, TX",,Cafes,CLAIMED
Jack in the Box,,6612524321,"Canyon Country, CA",https://www.jackinthebox.com/,Chain Fast Food Restaurants,CLAIMED
Red Velvet Lounge,,919-368-4719,"Raleigh, NC",https://redvelvetlounge.com/,undefined,CLAIMED
Boselli Investments LLC,,3034528894,"Northglenn, CO",,Chain Fast Food Restaurants,CLAIMED
Arte Cafe,,(562) 865-2783,"Cerritos, CA",https://artecafe.com/,undefined,CLAIMED
Rivers Edge Cafe,,(307) 265-5333,"Casper, WY",,undefined,CLAIMED
Di Angelo Pizza,,786-916-3323,"Miami Gardens, FL",https://diangelopizza.com/,Pizza,CLAIMED
Prima Pizza,,4805034444,"Gilbert, AZ",https://primapizza.com/,Pizza,CLAIMED
Hot Dog on a Stick,,(916) 788-0552,"Roseville, CA",https://www.hotdogonastick.com/,Restaurants,CLAIMED
CLOSED,,9282267777,"Levittown, NY",,Drinking Places,CLAIMED
Ridge Terrace Rstrnt-Cocktail,,(518) 656-9274,"Queensbury, NY",,undefined,CLAIMED
Lavish Cuisine,,210-339-2283,"San Antonio, TX",https://lavishcuisine.com/,Kosher Caterers,CLAIMED
Aj's Style Lounge LLC,,8174773983,"Mansfield, TX",,Cocktail Lounges,CLAIMED
Village Inn Pizza Parlor,,9287838353,"Yuma, AZ",https://villageinnpizza.com/,Pizza,CLAIMED
Fiesta Restaurant,,2033234300,"Stamford, CT",https://fiestarestaurant.com/,Restaurants,CLAIMED
Us Italian Food Box,,6466735139,"New York, NY",,Italian Food Products,CLAIMED
Hungry Howie's,,8106672000,"Lapeer, MI",https://www.hungryhowies.com/,Snack Foods,CLAIMED
Hungry Howie's,,2288634343,"Gulfport, MS",https://www.hungryhowies.com/,Chain Pizzerias,CLAIMED
DISH Restaurants,,844-355-7003,"Mobile, AL",https://dishrestaurants.com/,Restaurants,CLAIMED
The Cross World Coffee Inc,,9404953999,"Electra, TX",https://thecrossworldcoffee.com/,Coffee Shops,CLAIMED
Eclectic Catering LLC,,(980) 272-1563,"Charlotte, NC",https://eclecticcatering.com/,undefined,CLAIMED
Justice Nut Co,,(870) 538-9061,"Dermott, AR",,Wholesale Edible Nuts,CLAIMED
Goto's Pizza Inc,,2257787382,"Baton Rouge, LA",https://gotospizza.com/,Pizza,CLAIMED
Tubby's,,2483991722,"Hazel Park, MI",https://tubbys.com/,Seafood Restaurants,CLAIMED
Conrad And Son's Ltd,,7753973550,"Ely, NV",https://conradandsons.com/,Restaurants,CLAIMED
The Corner Carhop,,248) 668-3400,"Walled Lake, MI",,undefined,CLAIMED
Taj Mahal Restaurant,,(512) 837-4444,"Austin, TX",https://tajmahalrestaurant.com/,undefined,CLAIMED
Lakes Area Coffee News,,248-977-0923,"Waterford, MI",,undefined,CLAIMED
Bruno Brothers Pizza,,(330) 758-8045,"Youngstown, OH",https://brunobrotherspizza.com/,undefined,CLAIMED
Nona's Cafe,,972-722-1600,"Rockwall, TX",https://nonascafe.com/,undefined,CLAIMED
Kebab n’ Curry,,508-771-4420,"Hyannis, MA",https://kebabncurry.com/,Restaurants,CLAIMED
Q BBQ & Tequila,,215 625 8605,"Philadelphia, PA",,undefined,CLAIMED
Cactus Club,,(479) 783-7728,"Fort Smith, AR",https://cactusclub.com/,undefined,CLAIMED
Damon Scott Salon,,4802134500,"Scottsdale, AZ",https://damonscottsalon.com/,American Restaurants,CLAIMED
Jim's Management Company,,8164367141,"Kansas City, MO",,Chain Fast Food Restaurants,CLAIMED
Hill Tavern,,(617) 742-6192,"Boston, MA",,undefined,CLAIMED
Kebab & Curry,,3368868270,"High Point, NC",,undefined,CLAIMED
Silicon Valley Corporate Catering and Event Management,,6507767835,"Mountain View, CA",https://siliconvalleycatering.com/,undefined,CLAIMED
Blue Sky Food By the Pound,,3055514688,"Miami, FL",,Restaurants,CLAIMED
Columbia Ballroom,,(440) 236-8070,"Columbia Station, OH",https://columbiaballroom.com/,undefined,CLAIMED
Forksville Inn & Tavern Inc,,5709243916,"Forksville, PA",https://forksvilleinn.com/,Independent Family Restaurants,CLAIMED
Neighborhood Services Tavern,,2148272405,"Dallas, TX",,Pubs,CLAIMED
Dickey's,,5753922277,"Hobbs, NM",https://www.dickies.com/,Steak and Barbecue Restaurants,CLAIMED
Frederick's Wine & Dine,,216 869 9015,"Cleveland, OH",https://frederickswine.com/,undefined,CLAIMED
Hong Kong Chinese Food,,(845) 774-3608,"Monroe, NY",,undefined,CLAIMED
Carol's Cornerstone Cafe,,(317) 467-9014,"Greenfield, IN",,undefined,CLAIMED
Pisghetti's Cafe,,(615)216-6568,"Murfreesboro, TN",https://pisghettiscafe.com/,Cafes,CLAIMED
Local & Vine,,(215) 804-4020,"New York, NY",https://localandvine.com/,Italian Restaurants,CLAIMED
Gary's Grill,,512 247 4279,"Del Valle, TX",https://garysgrill.com/,Restaurants,CLAIMED
A & E Kitchen Service,,4178441017,"Billings, MO",,Restaurants,CLAIMED
Treehouse Enterprises,,,"Panama City, FL",,Restaurants,CLAIMED
III Marias Restaurant,,972-272-4310,"Garland, TX",,undefined,CLAIMED
Laguna Restaurant Inc,,3056385446,"Miami, FL",https://lagunar.com/,"Restaurant, Lunch Counters",CLAIMED
Qush Hookah Lounge,,503-384-2373,"Portland, OR",https://qushhookah.com/,undefined,CLAIMED
Cole Acres Golf & Supper Club,,6087442476,"Cuba City, WI",https://coleacres.com/,Restaurants,CLAIMED
Noodles Restaurant,,5032926480,"Portland, OR",,Ethnic Food Restaurants,CLAIMED
Bokamper's,,(954) 533-7152,"Plantation, FL",https://bokampers.com/,undefined,CLAIMED
Creole Flavor Sno,,3373261244,"Lafayette, LA",,Snow Cone Stands,CLAIMED
Subway,,4134672333,"Granby, MA",https://www.subway.com/,Sandwiches,CLAIMED
Motorcity Burgers & Co,,(248) 451-1424,"Pontiac, MI",https://motorcityburgers.com/,Restaurants,CLAIMED
"Food Service Diversified,LLC",,(410) 243-2333,"Baltimore, MD",,undefined,CLAIMED
Larry's Pizza Paragould,,(870) 236-8845,"Paragould, AR",https://larryspizza.com/,undefined,CLAIMED
Clever Catering,,(703) 938-5565,"Oakton, VA",https://clevercatering.com/,undefined,CLAIMED
Frances Lill Catering,,,"Gary, IN",,undefined,CLAIMED
Tastes of Greece,,949-495-2244,"Laguna Niguel, CA",https://tastesofgreece.com/,undefined,CLAIMED
Covered Dish LLC,,(801) 572-3357,"Draper, UT",https://covereddish.com/,undefined,CLAIMED
Whit-Mart Inc,,8437205010,"Charleston, SC",,Chain Family Restaurants,CLAIMED
Mon Chay Vietnamese Vegetarian Restaurant,,(831)622-7777,"Carmel, CA",https://monchay.com/,undefined,CLAIMED
Pita Pit,,316-201-4748,"Wichita, KS",https://www.pitapit.com/,undefined,CLAIMED
Butler Inn Restaurant,,(660) 200-7143,"Butler, MO",,undefined,CLAIMED
Mama Fu's Asian House,,(806)500-2028,"Lubbock, TX",https://mamafus.com/,Restaurants,CLAIMED
Gangnam BBQ,,(480) 470-5577,"Mesa, AZ",https://gangnambbq.com/,Korean Restaurants,CLAIMED
Green Leaf Café and Catering,,(858) 755-2755,"San Diego, CA",https://greenleafcafe.com/,Caterers,CLAIMED
Dairy Queen,,6088376011,"Sun Prairie, WI",https://www.dairyqueen.com/,Ice Cream Parlors,CLAIMED
Rawhide Saloon,,2099845113,"Jamestown, CA",https://rawhidesaloon.com/,Saloons,CLAIMED
Dickey's,,8045271318,"Glen Allen, VA",https://www.dickies.com/,Steak and Barbecue Restaurants,CLAIMED
Sacul Store,,(936) 326-4344,"Sacul, TX",,undefined,CLAIMED
WOW Cafe,,(504)304-9247,"New Orleans, LA",https://wowcafe.com/,Restaurants,CLAIMED
DaVinci's Italian Restaurant & Pizzaria,,(828)328-6101,"Hickory, NC",https://davincis.com/,undefined,CLAIMED
The Melting Pot,,2059818001,"Birmingham, AL",https://www.meltingpot.com/,Family Restaurants,CLAIMED
Los 3 Amigos,,(423) 521-7676,"Chattanooga, TN",https://los3amigos.com/,Spanish Restaurants,CLAIMED
Royal Taste Caribbean Restaurant,,862-955-3737,"Irvington, NJ",https://royaltastecaribbean.com/,Restaurants,CLAIMED
Chili's Grill & Bar,,8089229697,"Honolulu, HI",https://www.chilis.com/,undefined,CLAIMED
Red Maple Catering Dallas,,4692234790,"Aubrey, TX",https://redmaplecatering.com/,Caterers,CLAIMED
Dileo's Italian Deli LLC,,386-218-6999,"Orange City, FL",https://dileos.com/,undefined,CLAIMED
Super Lopez Food Products And Tortilla Factory Inc.,,(713) 921-1237,"Houston, TX",,undefined,CLAIMED
Cupcakes Bakery & Deli LLC,,(509) 302-0364,"Kennewick, WA",https://cupcakesbakery.com/,undefined,CLAIMED
"Karen's Edible Creations, Inc",,(276) 935-5299,"Grundy, VA",https://karensediblecreations.com/,undefined,CLAIMED
Red Barn,,5735647977,"Montgomery City, MO",,Night Clubs,CLAIMED
Papa Jimmie's,,(419) 639-3700,"Green Springs, OH",,undefined,CLAIMED
Lorraine Mimms,,240-330-9876,"Clinton, MD",,Caterers,CLAIMED
Elcho Ice Cream Shop,,715 275 5252,"Elcho, WI",,undefined,CLAIMED
Shirley's Shack,,3346995888,"Dothan, AL",,Restaurants,CLAIMED
Torchy's Tacos,,5124948226,"Austin, TX",https://torchystacos.com/,Restaurants,CLAIMED
Scarbrough Management Corporation,,(925) 866-8424,"San Ramon, CA",,Chain Fast Food Restaurants,CLAIMED
Bobby Ks Roadside Cafe,,804-224-7578,"Oak Grove, VA",https://bobbyks.com/,Cafes,CLAIMED
Belmont Cafe,,,"Waymart, PA",,undefined,CLAIMED
Bout Time Pub & Grub,,(801) 456-4252,"Salt Lake City, UT",https://bouttimepub.com/,undefined,CLAIMED
J & J Tavern,,9107641900,"Fayetteville, NC",,Pubs,CLAIMED
Morgansconcreterestoration,,9376033515,"Yellow Springs, OH",,Restaurants,CLAIMED
McAlister's Deli,,(210) 680-1369,"San Antonio, TX",https://www.mcalisters.com/,Restaurants,CLAIMED
Chef's Station,,(847) 570-9821,"Evanston, IL",https://chefsstation.com/,undefined,CLAIMED
Southern Kitchen Inc,,(540) 740-3514,"New Market, VA",,undefined,CLAIMED
Sohan Events,,(646) 461-2871,"Queensbury, NY",,Caterers,CLAIMED
Trio Cafe LLC,,2486450057,"Bingham Farms, MI",https://triocafe.com/,Cafes,CLAIMED
Pete's Walk-In,,(715) 732-9569,"Marinette, WI",,undefined,CLAIMED
Hungry Howie's,,(602)840-6100,"Phoenix, AZ",https://www.hungryhowies.com/,Restaurants,CLAIMED
Stonequarry Lounge,,(219) 762-5812,"Portage, IN",,undefined,CLAIMED
"Aso Sushi, Inc.",,(913) 888-8878,"Lenexa, KS",https://asosushi.com/,Japanese Restaurants,CLAIMED
Frosty Treat,,,"Jenison, MI",,Ice Cream Parlors,CLAIMED
"Jmc Holdings, Ltd",,,"Middletown, NY",,Chain Pizzerias,CLAIMED
Taco Bell,,7185373351,"Bronx, NY",https://www.tacobell.com/,Chain Fast Food Restaurants,CLAIMED
Popeye's Chicken & Biscuits,,3615788254,"Victoria, TX",https://www.popeyes.com/,Restaurants,CLAIMED
Bayview Bar & Grill,,3205323936,"Onamia, MN",https://bayviewbar.com/,Grills (Eating Places),CLAIMED
Saljo Pizza,,8174606082,"Pantego, TX",https://saljopizza.com/,Pizza,CLAIMED
Empire Ice Cream Inc,,(212) 951-7275,"New York, NY",,undefined,CLAIMED
"GF Gourmet Food, Inc.",,(505) 363-1761,"Albuquerque, NM",,undefined,CLAIMED
Roadhouse Wilmington Vermont,,(802) 464-5017,"Wilmington, VT",https://roadhousevt.com/,undefined,CLAIMED
Santa Maria's Steak & Seafood,,9126544931,"Glennville, GA",https://santamarias.com/,Steak Restaurants,CLAIMED
McAlister's Deli,,(575) 522-3287,"Las Cruces, NM",https://www.mcalisters.com/,Restaurants,CLAIMED
Monorom Cambodian Restaurant,,(562) 434-1919,"Long Beach, CA",https://monorom.com/,undefined,CLAIMED
Frankie's East Side Gourmet Pizza,,5167562753,"Farmingdale, NY",https://frankiespizza.com/,undefined,CLAIMED
Pizza 9,,(505)293-6463,"Albuquerque, NM",https://pizza9.com/,Pizza,CLAIMED
Garr's Bar & Grill,,8126782491,"Dubois, IN",https://garrsbar.com/,Restaurants,CLAIMED
Boxcar Vape,,(205) 908-6681,"Birmingham, AL",https://boxcarvape.com/,Bars and Lounges,CLAIMED
Isabella's Bella Cucina,,407-267-6033,"Orlando, FL",https://isabellasbellacucina.com/,undefined,CLAIMED
Freight Station - Oven Works,,7409226700,"Uhrichsville, OH",https://freightstationovenworks.com/,Pizza,CLAIMED
Sneakers Pub & Grill,,(650) 802-0177,"San Carlos, CA",https://sneakerspub.com/,undefined,CLAIMED
"1628 restaurants, inc",,(919) 669-8889,"Cary, NC",https://1628restaurants.com/,undefined,CLAIMED
Fountainhead Taproom,,423-541-6355,"Chattanooga, TN",https://fountainheadtaproom.com/,undefined,CLAIMED
Luca Eats,,(504) 866-1166,"New Orleans, LA",https://lucaeats.com/,Cafes,CLAIMED
I Love Ice Cream,,(573) 855-5663,"Saint Robert, MO",https://iloveicecream.com/,Ice Cream Parlors,CLAIMED
The Dixie,,(605) 691-0866,"Brookings, SD",https://thedixie.com/,undefined,CLAIMED
Tre Amici Modern Italian Bar & Restaurant,,732-571-8922,"Long Branch, NJ",https://treamici.com/,Restaurants,CLAIMED
Far Bar,,(213)617-9990,"Los Angeles, CA",https://farbar.com/,Restaurants,CLAIMED
Pearblossom Subs,,661 492-8190,"Pearblossom, CA",https://pearblossomsubs.com/,Restaurants,CLAIMED
Pescados,,(804) 379-7121,"Midlothian, VA",https://pescados.com/,undefined,CLAIMED
Pizza Per Tutti,,(818) 760-4030,"North Hollywood, CA",https://pizzapertutti.com/,undefined,CLAIMED
Port City Java,,910-256-0993,"Wilmington, NC",https://portcityjava.com/,undefined,CLAIMED
Kaurs Kitchen,,(206) 683-1142,"Renton, WA",https://kaurskitchen.com/,undefined,CLAIMED
An Loi,,410-381-3188,"Columbia, MD",https://anloi.com/,Restaurants,CLAIMED
J Wong's Asian Bistro,,8013500888,"Salt Lake City, UT",https://jwongs.com/,Restaurants,CLAIMED
Hughie's Taco House,,(218) 387-3382,"Grand Marais, MN",https://hughiestaco.com/,undefined,CLAIMED
Murray's Dawgs and Hot Dog Catering,,(615) 973-5577,"Franklin, TN",https://murraysdawgs.com/,undefined,CLAIMED
Pit Stop BBQ,,(606) 889-6462,"East Point, KY",https://pitstopbbq.com/,undefined,CLAIMED
M & M Chicken & Fish,,(614) 252-3674,"Columbus, OH",https://mandmchicken.com/,undefined,CLAIMED
Novu Restaurant LLC,,9736943500,"Wayne, NJ",https://novurestaurant.com/,Restaurants,CLAIMED
Cafe Vin,,(254) 826-3011,"West, TX",https://cafevin.com/,undefined,CLAIMED
Mickey & Bill's Pizza,,3172416019,"Indianapolis, IN",https://mickeyandbills.com/,Pizza,CLAIMED
Pickett's Pub,,5152709806,"Johnston, IA",https://pickettspub.com/,Cocktail Lounges,CLAIMED
Jeremiahs Catering & Cooking Studio,,9738012010,"Lake Hiawatha, NJ",https://jeremiahs.com/,Caterers,CLAIMED
T-MANS BBQ,,(937)710-0360,"Sidney, OH",https://tmansbbq.com/,undefined,CLAIMED
Clarke's Standard,,706-850-5152,"Athens, GA",https://clarkestandard.com/,American Restaurants,CLAIMED
City Noodle and Grill,,951-302-8999,"Temecula, CA",https://citynoodle.com/,Thai Restaurants,CLAIMED
Maui Mike's,,8086225900,"Wahiawa, HI",https://mauimikes.com/,Contract Food Services,CLAIMED
Snap Kitchen,,(512) 383-5646,"Austin, TX",https://snapkitchen.com/,undefined,CLAIMED
Dragon Entertainment LLC,,(804)767-6168,"Richmond, VA",https://dragonentertainment.com/,undefined,CLAIMED
Bossy's Catering Service Inc,,5084782809,"Medway, MA",https://bossyscatering.com/,Caterers,CLAIMED
Red Vespa,,(319) 624-2080,"Solon, IA",https://redvespa.com/,Italian Restaurants,CLAIMED
Sandwich Express,,(516) 513-1181,"Plainview, NY",,undefined,CLAIMED
Aracri Pizzeria,,614-754-7925,"Columbus, OH",https://aracripizza.com/,undefined,CLAIMED
Jasper's Giant Hamburgers,,(916)966-6075,"Fair Oaks, CA",https://jaspershamburgers.com/,Restaurants,CLAIMED
Chicken Salad Chick,,(770) 667-5459,"Alpharetta, GA",https://www.chickensaladchick.com/,undefined,CLAIMED
JJ FISH & CHICKEN,,(708)924-0158,"Justice, IL",https://jjfishchicken.com/,Seafood Restaurants,CLAIMED
Blessed Hands Catering Crew LLC,,8034311829,"Rock Hill, SC",https://blessedhandscatering.com/,Caterers,CLAIMED
Royal House,,5045282601,"New Orleans, LA",https://royalhouse.com/,Seafood Restaurants,CLAIMED
Huong Lan,,(859)221-8000,"Fresno, CA",https://huonglan.com/,undefined,CLAIMED
La Parroquia Mexican Pancake House and Cuisine,,(224) 662-4903,"Lake Zurich, IL",https://laparroquia.com/,undefined,CLAIMED
TRIA - Inspired American Cuisine,,313-253-4475,"Dearborn, MI",https://triarestaurant.com/,undefined,CLAIMED
My Hot Lunchbox LLC,,888-894-8295,"Apex, NC",https://myhotlunchbox.com/,undefined,CLAIMED
Boardwalk Fresh Burgers And Fries,,8564822324,"Maple Shade, NJ",https://boardwalkfresh.com/,undefined,CLAIMED
The Cuisine Machine,,8133087660,"Gibsonton, FL",https://thecuisinemachine.com/,Caterers,CLAIMED
Motherlode Cafe & Tavern,,(720) 704-2306,"Boulder, CO",https://motherlodetavern.com/,undefined,CLAIMED
The Modern Edge Events & Catering,,(720) 299-7638,"Broomfield, CO",https://modernedgeevents.com/,undefined,CLAIMED
Bombay's Indian Cuisine-T,,212-742-2222,"New York, NY",https://bombaysindian.com/,undefined,CLAIMED
Beans & Cornbread,,(248)208-1680,"Southfield, MI",https://beansandcornbread.com/,undefined,CLAIMED
Pipo's,,(727) 576-7476,"Saint Petersburg, FL",https://pipos.com/,undefined,CLAIMED
Dirty Dave's bar & grill,,(585)889-2043,"Scottsville, NY",https://dirtydaves.com/,undefined,CLAIMED
The Diplomat Tavern,,(626) 239-0100,"Monrovia, CA",https://diplomattavern.com/,Restaurants,CLAIMED
M & M Chicken & Fish,,(614) 252-3674,"Columbus, OH",https://mandmchicken.com/,undefined,CLAIMED
Novu Restaurant LLC,,9736943500,"Wayne, NJ",https://novurestaurant.com/,Restaurants,CLAIMED
Cafe Vin,,(254) 826-3011,"West, TX",https://cafevin.com/,undefined,CLAIMED
Mickey & Bill's Pizza,,3172416019,"Indianapolis, IN",https://mickeyandbills.com/,Pizza,CLAIMED
Pickett's Pub,,5152709806,"Johnston, IA",https://pickettspub.com/,Cocktail Lounges,CLAIMED
Jeremiahs Catering & Cooking Studio,,9738012010,"Lake Hiawatha, NJ",https://jeremiahs.com/,Caterers,CLAIMED
T-MANS BBQ,,(937)710-0360,"Sidney, OH",https://tmansbbq.com/,undefined,CLAIMED
Clarke's Standard,,706-850-5152,"Athens, GA",https://clarkestandard.com/,American Restaurants,CLAIMED
City Noodle and Grill,,951-302-8999,"Temecula, CA",https://citynoodle.com/,Thai Restaurants,CLAIMED
Maui Mike's,,8086225900,"Wahiawa, HI",https://mauimikes.com/,Contract Food Services,CLAIMED
Snap Kitchen,,(512) 383-5646,"Austin, TX",https://snapkitchen.com/,undefined,CLAIMED
Dragon Entertainment LLC,,(804)767-6168,"Richmond, VA",https://dragonentertainment.com/,undefined,CLAIMED
Bossy's Catering Service Inc,,5084782809,"Medway, MA",https://bossyscatering.com/,Caterers,CLAIMED
Red Vespa,,(319) 624-2080,"Solon, IA",https://redvespa.com/,Italian Restaurants,CLAIMED
Sandwich Express,,(516) 513-1181,"Plainview, NY",,undefined,CLAIMED
Aracri Pizzeria,,614-754-7925,"Columbus, OH",https://aracripizza.com/,undefined,CLAIMED
Jasper's Giant Hamburgers,,(916)966-6075,"Fair Oaks, CA",https://jaspershamburgers.com/,Restaurants,CLAIMED
Chicken Salad Chick,,(770) 667-5459,"Alpharetta, GA",https://www.chickensaladchick.com/,undefined,CLAIMED
JJ FISH & CHICKEN,,(708)924-0158,"Justice, IL",https://jjfishchicken.com/,Seafood Restaurants,CLAIMED
Blessed Hands Catering Crew LLC,,8034311829,"Rock Hill, SC",https://blessedhandscatering.com/,Caterers,CLAIMED
Royal House,,5045282601,"New Orleans, LA",https://royalhouse.com/,Seafood Restaurants,CLAIMED
Huong Lan,,(859)221-8000,"Fresno, CA",https://huonglan.com/,undefined,CLAIMED
La Parroquia Mexican Pancake House and Cuisine,,(224) 662-4903,"Lake Zurich, IL",https://laparroquia.com/,undefined,CLAIMED
TRIA - Inspired American Cuisine,,313-253-4475,"Dearborn, MI",https://triarestaurant.com/,undefined,CLAIMED
My Hot Lunchbox LLC,,888-894-8295,"Apex, NC",https://myhotlunchbox.com/,undefined,CLAIMED
Boardwalk Fresh Burgers And Fries,,8564822324,"Maple Shade, NJ",https://boardwalkfresh.com/,undefined,CLAIMED
The Cuisine Machine,,8133087660,"Gibsonton, FL",https://thecuisinemachine.com/,Caterers,CLAIMED
Motherlode Cafe & Tavern,,(720) 704-2306,"Boulder, CO",https://motherlodetavern.com/,undefined,CLAIMED
The Modern Edge Events & Catering,,(720) 299-7638,"Broomfield, CO",https://modernedgeevents.com/,undefined,CLAIMED
Bombay's Indian Cuisine-T,,212-742-2222,"New York, NY",https://bombaysindian.com/,undefined,CLAIMED
Beans & Cornbread,,(248)208-1680,"Southfield, MI",https://beansandcornbread.com/,undefined,CLAIMED
Pipo's,,(727) 576-7476,"Saint Petersburg, FL",https://pipos.com/,undefined,CLAIMED
Dirty Dave's bar & grill,,(585)889-2043,"Scottsville, NY",https://dirtydaves.com/,undefined,CLAIMED
The Diplomat Tavern,,(626) 239-0100,"Monrovia, CA",https://diplomattavern.com/,Restaurants,CLAIMED
Mirabella Italian Cuisine & Bar,,773-463-1962,"Chicago, IL",https://mirabella.com/,Italian Restaurants,CLAIMED
Salvanica Restaurant,,(909) 980-8444,"Rancho Cucamonga, CA",https://salvanica.com/,undefined,CLAIMED
Sarino,,(502) 822-3777,"Louisville, KY",https://sarino.com/,undefined,CLAIMED
Pier 54,,4808200660,"Tempe, AZ",https://pier54.com/,Restaurants,CLAIMED
Joyce's Cafe,,,"Nashville, TN",,Restaurants,CLAIMED
Wilson's Kountry Kitchen,,9187726255,"Hulbert, OK",https://wilsonskountrykitchen.com/,American Restaurants,CLAIMED
Fairway Manor,,3155987000,"Fulton, NY",,Restaurants,CLAIMED
Bay 839 Pacific Island Grill,,(541) 265-2839,"Newport, OR",https://bay839.com/,Restaurants,CLAIMED
Trummer's on Main,,7032661623,"Clifton, VA",https://trummers.com/,Family Restaurants,CLAIMED
Hooker Tea Co,,(813) 443-5797,"Tampa, FL",https://hookertea.com/,undefined,CLAIMED
Capizzi's Pizza,,(760) 483-9220,"Cathedral City, CA",https://capizzis.com/,Pizza,CLAIMED
Afuga Coffee,,(510) 800-6853,"Walnut Creek, CA",https://afugacoffee.com/,undefined,CLAIMED
Sabroso Tripleton,,(757) 471-1839,"Virginia Beach, VA",https://sabrosotripleton.com/,undefined,CLAIMED
Gigis Super Braid Factory,,952-222-0961,"Minneapolis, KS",,Bars,CLAIMED
Desie's Greek Eats & Sweets,,949-287-8295,"Newport Beach, CA",https://desiesgreek.com/,Caterers,CLAIMED
Michael's Pizza,,(831) 476-0700,"Capitola, CA",https://michaelspizza.com/,undefined,CLAIMED
Pavel Studio,,(516) 595-5325,"Brooklyn, NY",,Bars,CLAIMED
Nothing,,,"Cordova, TN",,undefined,CLAIMED
"Perry Perk, L.L.C.",,(515) 897-8035,"Perry, IA",https://perryperk.com/,undefined,CLAIMED
Sutton Pub,,701-769-2575,"Sutton, ND",https://suttonpub.com/,Bars and Lounges,CLAIMED
Pizza Man,,(651) 455-8002,"Inver Grove Heights, MN",https://pizzaman.com/,undefined,CLAIMED
Sherman Station,,9204470581,"Adell, WI",,Saloons,CLAIMED
Cafe Twelve,,2024884113,"Washington, DC",https://cafe12.com/,Restaurants,CLAIMED
Ella Resturaunt + Bar,,(614) 855-4600,"New Albany, OH",https://ellarestaurant.com/,undefined,CLAIMED
The Courtyard Restaurant,,(423)245-5914,"Kingsport, TN",https://courtyardrestaurant.com/,undefined,CLAIMED
Pandorumskye Lounge,,9403720401,"Gainesville, TX",,Night Clubs,CLAIMED
The Grill Restaurant & Bar,,(248)334-3900,"Sylvan Lake, MI",https://thegrillrestaurant.com/,American Restaurants,CLAIMED
Village Kitchen,,2606659053,"Angola, IN",https://villagekitchen.com/,undefined,CLAIMED
Eight K,,(970)923-8000,"Snowmass Village, CO",https://eightk.com/,Restaurants,CLAIMED
Patagonia Nahuen Cafe,,9542714448,"Hollywood, FL",https://patagonianahuen.com/,Cafes,CLAIMED
Migs of newberry,,8033216221,"Newberry, SC",https://migsofnewberry.com/,undefined,CLAIMED
Eat Local Eat Natural LLC,,7349969000,"Ann Arbor, MI",https://eatlocaleatnatural.com/,Restaurants,CLAIMED
Dos Caminos,,(212) 294-1000,"New York, NY",https://doscaminos.com/,undefined,CLAIMED
The Garlic Knot Pizzeria & Restaurant,,570-636-3111,"Freeland, PA",https://garlicknot.com/,undefined,CLAIMED
Jack's,,(662) 286-2580,"Corinth, MS",https://jacksrestaurant.com/,Restaurants,CLAIMED
Castletown Geoghegan,,(618) 233-4800,"Belleville, IL",https://castletowngeoghegan.com/,undefined,CLAIMED
"Support Our Troops, Dawg!",,352-214-8301,"Gainesville, FL",,undefined,CLAIMED
Jean-Kay's Pasties & Subs,,9062285310,"Marquette, MI",https://jeankays.com/,Restaurants,CLAIMED
Crown Of India Restaurant,,,"Plainsboro, NJ",,Indian Restaurants,CLAIMED
Jimmie Lee's Bar & Grill,,(309) 523-9409,"Port Byron, IL",https://jimmielees.com/,undefined,CLAIMED
Scrambles Cafe Etc,,9419666347,"Sarasota, FL",https://scramblescafe.com/,undefined,CLAIMED
Doll's Place,,,"New Brunswick, NJ",,Restaurants,CLAIMED
El Mexicam,,7079645780,"Fort Bragg, CA",,Mexican Restaurants,CLAIMED
Closed Franchise X,,630-880-5188,"Lemont, IL",,Pizza,CLAIMED
Cellar,,6416730264,"Oskaloosa, IA",,Drinking Places,CLAIMED
Crick Water Grill,,(307) 358-2600,"Douglas, WY",,undefined,CLAIMED
Karl's Kitchen LLC,,5736310570,"Sainte Genevieve, MO",https://karlskitchen.com/,Restaurants,CLAIMED
Stewart's Catering,,8609703030,"Berlin, CT",https://stewarts.com/,Caterers,CLAIMED
Keming Fine Chinese Cuisine,,(201) 482-1404,"Hoboken, NJ",https://kemingfine.com/,Chinese Restaurants,CLAIMED
Grab It To Go,,(616)536-1650,"Grand Rapids, MI",https://grabitto.go/,undefined,CLAIMED
Bubba's Pub,,2058539922,"Birmingham, AL",,Drinking Places,CLAIMED
Create Cafe,,5202983421,"Tucson, AZ",,Cafeterias,CLAIMED
C N F Inc,,4122760788,"Carnegie, PA",,Chain Fast Food Restaurants,CLAIMED
Surf City,,(920) 230-7468,"Oshkosh, WI",https://surfcity.com/,undefined,CLAIMED
BARES FAMILY CAFE,,423-252-0156,"Athens, TN",,Restaurants,CLAIMED
Lucille's Smokehouse BBQ,,(714)259-1227,"Tustin, CA",https://lucilles.com/,undefined,CLAIMED
Roma's Pizzeria & Restaurant,,(269) 471-7754,"Berrien Springs, MI",https://romaspizza.com/,undefined,CLAIMED
G Worthy's Bar & Grill,,614-505-7793,"Worthington, OH",https://gworthy.com/,Grills (Eating Places),CLAIMED
Graze Restaurant,,5123911850,"Austin, TX",https://grazerestaurant.com/,Restaurants,CLAIMED
Room Forty,,3232544100,"Los Angeles, CA",https://roomforty.com/,Caterers,CLAIMED
Niu Armenian Grill,,(847) 329-4200,"Skokie, IL",https://niuarmeniangrill.com/,Restaurants,CLAIMED
Build A Body Smoothie & Juice Bar LLC,,2299213127,"Moultrie, GA",,Frozen Yogurt Stands,CLAIMED
Ciones,,(520) 762-5800,"Vail, AZ",https://ciones.com/,undefined,CLAIMED
Manhattan Deli,,4023469764,"Omaha, NE",https://manhattandelis.com/,Delicatessens,CLAIMED
Annes Quality Catering,,9785625380,"Hudson, MA",https://annesquality.com/,Caterers,CLAIMED
streets' mart,,,"Salt Lake City, UT",,Caterers,CLAIMED
Jerzees,,(859) 353-5908,"Richmond, KY",https://jerzees.com/,undefined,CLAIMED
Carlo's Copa Room Italian Restaurant & Catering,,9138255200,"Lenexa, KS",https://carloscopa.com/,Italian Restaurants,CLAIMED
jhgioeur=,,,"Manchester, CT",,Caterers,CLAIMED
Kayo's Dinner House & Lounge,,541-323-2520,"Bend, OR",https://kayosdinner.com/,Restaurants,CLAIMED
"Antelope Valley Restaurants, Inc",,(661) 266-1251,"Quartz Hill, CA",,fast food hamburgers,CLAIMED
Andies Restaurant At Smith's,,(518) 251-2363,"North Creek, NY",,undefined,CLAIMED
Lion's Den Ii Resturant & Lounge,,7278233541,"Saint Petersburg, FL",https://lionsdenii.com/,Restaurants,CLAIMED
Casablanca Rooftop Lounge,,(480) 290-5272,"Scottsdale, AZ",https://casablancarooftop.com/,Cocktail Lounges,CLAIMED
Darren's Pub,,2708272206,"Henderson, KY",,Pubs,CLAIMED
New York Pizza & Sports Bar,,(407) 847-4992,"Kissimmee, FL",https://newyorkpizzasportsbar.com/,undefined,CLAIMED
Creo's Southern Grill,,(424) 543-7035,"Beverly Hills, CA",https://creosoutherngrill.com/,Caterers,CLAIMED
Applebee's Neighborhood Grill,,7329579400,"Middletown, NJ",https://www.applebees.com/,Chain Family Restaurants,CLAIMED
HavanaEats Cuban Cuisine,,7867322912,"Miami, FL",https://havanaeats.com/,Restaurants,CLAIMED
Galley Girl Gourmet,,781 5880030,"Kingston, MA",,undefined,CLAIMED
Prohibition Savannah,,(912) 200-9255,"Savannah, GA",https://prohibitionsavannah.com/,Restaurants,CLAIMED
Classic Caterers and Rent-a-Chef,,1-877-226-1107,"Salem, VA",https://classiccaterers.com/,undefined,CLAIMED
The Pickwickian Tavern and Smokery,,(856) 212-3205,"Buena Vista Township, NJ",https://pickwickiantavern.com/,Restaurants,CLAIMED
Croque Famous Sandwiches,,(480) 607-1285,"Scottsdale, AZ",https://croquefamoussandwiches.com/,undefined,CLAIMED
New York NY Fresh Deli,,5017641084,"Conway, AR",,Delicatessens,CLAIMED
Tipitapa Grill,,(305) 223-0100,"Miami, FL",https://tipitapagrill.com/,undefined,CLAIMED
Jack's,,(256)828-1930,"Meridianville, AL",https://jacksrestaurant.com/,Restaurants,CLAIMED
17th&Ocean,,617-433-8274,"Pembroke, MA",,undefined,CLAIMED
Bloodhound Brew,,4075785711,"Orlando, FL",https://bloodhoundbrew.com/,American Restaurants,CLAIMED
Tortas Las Glorias No 4,,9094670690,"Ontario, CA",https://tortaslasglorias.com/,Mexican Restaurants,CLAIMED
5 Loaves Eatery,,773 891 2889,"Chicago, IL",https://5loaveseatery.com/,undefined,CLAIMED
Vince's Pizza,,6083624624,"Beloit, WI",https://vincespizza.com/,Independent Pizzerias,CLAIMED
Great Links Brewhouse & Grill,,7028773647,"Las Vegas, NV",https://greatlinks.com/,Diners,CLAIMED
Party Panache,,6144062249,"Dublin, OH",https://partypanache.com/,Caterers,CLAIMED
Shishka Labanese Grill,,(954)943-2999,"Pompano Beach, FL",https://shishkalabanese.com/,undefined,CLAIMED
Cakes by rumy,,8189860367,"Sherman Oaks, CA",,Restaurants,CLAIMED
Desi Deli & Halal Meat Corp,,7188497500,"South Richmond Hill, NY",https://desidelis.com/,Delicatessens,CLAIMED
Bravo! Cucina Italiana,,4124611444,"Homestead, PA",https://bravoitalian.com/,Italian Restaurants,CLAIMED
Trolleys Bistro,,5703433000,"Scranton, PA",https://trolleysbistro.com/,Restaurants,CLAIMED
Dickey's,,9725849099,"Duncanville, TX",https://www.dickies.com/,Steak and Barbecue Restaurants,CLAIMED
A&W All-American Food,,(734) 242-3330,"Monroe, MI",https://www.aw.com/,Drive-In Restaurants,CLAIMED
Rib Tips & Catering,,5125696495,"Killeen, TX",https://ribtips.com/,Restaurants,CLAIMED
Yamada Teriyaki,,2065750741,"Tukwila, WA",https://yamadateriyaki.com/,Japanese Restaurants,CLAIMED
Macdonald's Almanac Distributors Inc,,(607) 722-3877,"Binghamton, NY",,undefined,CLAIMED
Too Fat Sandwiches,,6613243567,"Bakersfield, CA",,Sandwiches,CLAIMED
Florida Caterers,,561-684-6335,"Lantana, FL",https://floridacaterers.com/,undefined,CLAIMED
Pizza 1,,973-835-1600,"Haskell, NJ",https://pizza1.com/,undefined,CLAIMED
Sapphire Las Vegas Promotion,,(702)683-7326,"Las Vegas, NV",https://sapphirelv.com/,Night Clubs,CLAIMED
Bell's Greek Pizza,,(517) 332-0858,"East Lansing, MI",https://bells.greekpizza.com/,Pizza,CLAIMED
Dickey's,,3178397100,"Plainfield, IN",https://www.dickies.com/,Steak and Barbecue Restaurants,CLAIMED
Oaki Steakhouse,,954-533-4218,"Fort Lauderdale, FL",https://oakisteakhouse.com/,Restaurants,CLAIMED
Ikes Quarter Cafe,,5302656138,"Nevada City, CA",https://ikesquartercafe.com/,Restaurants,CLAIMED
Hibachi Of Fox Run,,3028362498,"Bear, DE",,Japanese Restaurants,CLAIMED
Crabbie Mike's BBQ,,(765) 884-0000,"Fowler, IN",https://crabbiemikes.com/,undefined,CLAIMED
Stephanie Satisfying Delights In-Home Personal Chef/ Catering,,757-275-6942,"Portsmouth, VA",https://stephaniesatisfying.com/,undefined,CLAIMED
Casa Mia Trattoria & Pizzeria,,(561) 972-6888,"Jupiter, FL",https://casamiatrattoria.com/,undefined,CLAIMED
Branding Iron Bar-B-Q & Steak House,,(909)849-7349,"Yulee, FL",https://brandingironbbq.com/,undefined,CLAIMED
Hungry Howie's,,9893581040,"Alpena, MI",https://www.hungryhowies.com/,Pizza,CLAIMED
Josies LLC,,,"Luling, LA",,undefined,CLAIMED
San Diego Catering Connection,,858-864-8304,"Solana Beach, CA",https://sandiegocatering.com/,Caterers,CLAIMED
16 Prospect Wine Bar & Bistro,,,"Westfield, NJ",,Restaurants,CLAIMED
Capitol Garage,,9164443633,"Sacramento, CA",,Coffee Shops,CLAIMED
Contemporary Catering,,3105588190,"Encino, CA",https://contemporarycatering.com/,Caterers,CLAIMED
Cite,,(312) 644-4050,"Chicago, IL",https://citechicago.com/,American Restaurants,CLAIMED
Checkers Old Munchen,,,"Pompano Beach, FL",,undefined,CLAIMED
Cocca's Pizza,,3307261669,"Boardman, OH",https://coccas.com/,Pizza,CLAIMED
Taco Rio,,3162649252,"Wichita, KS",https://tacorio.com/,Independent Fast-Food Restaurants,CLAIMED
"NAJLA HALAL SOUL FOOD SERVICES, LLC",,609-377-7940,"Sicklerville, NJ",https://najlahalal.com/,Caterers,CLAIMED
Tasty Thai Restaurant,,6503408424,"San Mateo, CA",https://tastythai.com/,Thai Restaurants,CLAIMED
Orzel Deli,,5705796199,"Stroudsburg, PA",https://orzelde.com/,Delicatessens,CLAIMED
LA Parrilla Mexican Restaurant,,4046039091,"Atlanta, GA",https://laparrillamexican.com/,Mexican Restaurants,CLAIMED
Dickey's,,8019214106,"West Jordan, UT",https://www.dickies.com/,Steak and Barbecue Restaurants,CLAIMED
Lafayette Cafe Of Holyoke Inc,,4133153079,"Holyoke, MA",,Cafes,CLAIMED
Bravo! Cucina Italiana,,5018212485,"Little Rock, AR",https://bravoitalian.com/,undefined,CLAIMED
Sam's Burgers Cafe,,323-564-1383,"South Gate, CA",,undefined,CLAIMED
Dan's Pool Catering,,6234659855,"Phoenix, AZ",,Restaurants,CLAIMED
"Harway PIZZA ,GYRO , FALAFEL ,BURGER,KABOB,SALAD",,(718) 449-5500,"Brooklyn, NY",,undefined,CLAIMED
Duffy's of Boca,,(561) 869-0552,"Boca Raton, FL",https://duffysboca.com/,undefined,CLAIMED
Mc Donald's,,9195634320,"Mebane, NC",https://www.mcdonalds.com/,Chain Fast Food Restaurants,CLAIMED
Hughes Food Company,,(567) 525-9165,"Fostoria, OH",,"homemade cookies, cakes, and otehr items",CLAIMED
Wild Wings Cafe,,3256432802,"Brownwood, TX",,Cafes,CLAIMED
Fiddleheads Restaurant,,,"Jamesburg, NJ",,American Restaurants,CLAIMED
B J's Puss N Boots,,(423) 698-6124,"Chattanooga, TN",,Night Clubs,CLAIMED
Global Brew Tap House,,(630) 549-0397,"St. Charles, IL",https://globalbrew.com/,Bars and Lounges,CLAIMED
Black Mountain Grill,,7029900990,"Henderson, NV",https://blackmountaingrill.com/,Grills (Eating Places),CLAIMED
Bar 101 Eats & Drinks,,9167740505,"Roseville, CA",https://bar101.com/,Bars,CLAIMED
Backyard BBQ,,5013536844,"Gilbert, AZ",,Barbecue,CLAIMED
Star Pizza Family Restaurant,,2033869243,"Stratford, CT",https://starpizza.com/,undefined,CLAIMED
Amigo Mexican Restaurant,,423-952-0551,"Johnson City, TN",https://amigomexican.com/,undefined,CLAIMED
Gillum's Sports Lounge,,8596232335,"Richmond, KY",https://gillums.com/,Bars and Lounges,CLAIMED
Woodstone Deli,,4232459663,"Kingsport, TN",https://woodstonedeli.com/,Delicatessens,CLAIMED
Rocky's Pizza,,(810) 655-4242,"Swartz Creek, MI",https://rockyspizza.com/,undefined,CLAIMED
Jerry's Texas Smokehouse Bbq,,8012252276,"Orem, UT",https://jerrystexas.com/,Caterers,CLAIMED
Ventana Grill,,8,,,,